##### Updating map for member: H. P. Filho...
Getting locations and countries...
Starting 'Flickr Map' script...
Generating map for 'Haraldo Albergaria'
1554 photos in the photostream
No changes on number of photos since last run.
Aborted.
Everything is up-to-date. Nothing to commit!
Getting member information...
Done!

##### Updating map for member: Christopher Wallace...
Getting locations and countries...
Starting 'Flickr Map' script...
Generating map for 'Chris Price'
1862 photos in the photostream
1 new photo(s) added
Extracting photo coordinates and ids...
Batch 1/1 | 1 photo(s) in 1 marker(s)
Adding marker(s) to map...
Map already has 1264 marker(s)
1 new marker(s) will be added to the map
Added marker 1/1
Finished!
Commiting map data...
Done!
Getting member information...
Done!

##### Updating map for member: Elena Lebedeva (IG: ...
Getting locations and countries...
Starting 'Flickr Map' script...
Generating map for 'Elena Lebedeva (IG: ellebedeva'
250 photos in the photostream
No changes on number of photos since last run.
Aborted.
Everything is up-to-date. Nothing to commit!
Getting member information...
Done!

##### Updating map for member: hans pohl...
Getting locations and countries...
Starting 'Flickr Map' script...
Generating map for 'Hans Pohl'
6351 photos in the photostream
1 new photo(s) added
Extracting photo coordinates and ids...
Batch 1/1 | 1 photo(s) in 1 marker(s)
Adding marker(s) to map...
Map already has 4106 marker(s)
1 new marker(s) will be added to the map
Added marker 1/1
Finished!
Commiting map data...
Done!
Getting member information...
Done!

##### Updating map for member: Steenjep...
Getting locations and countries...
Starting 'Flickr Map' script...
Generating map for 'Steen Jeppesen'
18206 photos in the photostream
No changes on number of photos since last run.
Aborted.
Everything is up-to-date. Nothing to commit!
Getting member information...
Done!

##### Updating map for member: michael_jeddah...
Getting locations and countries...
Starting 'Flickr Map' script...
Generating map for 'michael_jeddah'
20985 photos in the photostream
385 new photo(s) added
Extracting photo coordinates and ids...
Batch 1/1 | 0 photo(s) in 0 marker(s)
Adding marker(s) to map...
Map already has 8308 marker(s)
No new markers were added to the map
Finished!
Everything is up-to-date. Nothing to commit!
Getting member information...
Done!

##### Updating map for member: haroldmoses...
Getting locations and countries...
Starting 'Flickr Map' script...
Generating map for 'Harold  Moses'
6373 photos in the photostream
No changes on number of photos since last run.
Aborted.
Everything is up-to-date. Nothing to commit!
Getting member information...
Done!

##### Updating map for member: Lemmo2009...
Getting locations and countries...
Starting 'Flickr Map' script...
Generating map for 'Paul'
6684 photos in the photostream
No changes on number of photos since last run.
Aborted.
Everything is up-to-date. Nothing to commit!
Getting member information...
Done!

##### Updating map for member: Northern Tony...
Getting locations and countries...
Starting 'Flickr Map' script...
Generating map for 'Northern Tony'
147 photos in the photostream
No changes on number of photos since last run.
Aborted.
Everything is up-to-date. Nothing to commit!
Getting member information...
Done!

##### Updating map for member: normafincher...
Getting locations and countries...
Starting 'Flickr Map' script...
Generating map for 'Norma Fincher'
136762 photos in the photostream
14809 new photo(s) added
Extracting photo coordinates and ids...
Batch 1/30 | 0 photo(s) in 0 marker(s)
Batch 2/30 | 0 photo(s) in 0 marker(s)
Batch 3/30 | 0 photo(s) in 0 marker(s)
Batch 4/30 | 0 photo(s) in 0 marker(s)
Batch 5/30 | 0 photo(s) in 0 marker(s)
Batch 6/30 | 0 photo(s) in 0 marker(s)
Batch 7/30 | 0 photo(s) in 0 marker(s)
Batch 8/30 | 0 photo(s) in 0 marker(s)
Batch 9/30 | 0 photo(s) in 0 marker(s)
Batch 10/30 | 0 photo(s) in 0 marker(s)
Batch 11/30 | 0 photo(s) in 0 marker(s)
Batch 12/30 | 0 photo(s) in 0 marker(s)
Batch 13/30 | 0 photo(s) in 0 marker(s)
Batch 14/30 | 0 photo(s) in 0 marker(s)
Batch 15/30 | 0 photo(s) in 0 marker(s)
Batch 16/30 | 0 photo(s) in 0 marker(s)
Batch 17/30 | 0 photo(s) in 0 marker(s)
Batch 18/30 | 0 photo(s) in 0 marker(s)
Batch 19/30 | 0 photo(s) in 0 marker(s)
Batch 20/30 | 0 photo(s) in 0 marker(s)
Batch 21/30 | 0 photo(s) in 0 marker(s)
Batch 22/30 | 0 photo(s) in 0 marker(s)
Batch 23/30 | 0 photo(s) in 0 marker(s)
Batch 24/30 | 0 photo(s) in 0 marker(s)
Batch 25/30 | 0 photo(s) in 0 marker(s)
Batch 26/30 | 0 photo(s) in 0 marker(s)
Batch 27/30 | 0 photo(s) in 0 marker(s)
Batch 28/30 | 0 photo(s) in 0 marker(s)
Batch 29/30 | 0 photo(s) in 0 marker(s)
Batch 30/30 | 0 photo(s) in 0 marker(s)
Adding marker(s) to map...
Map already has 146 marker(s)
No new markers were added to the map
Finished!
Everything is up-to-date. Nothing to commit!
Getting member information...
Done!

##### Updating map for member: Andy.Gocher...
Getting locations and countries...
Starting 'Flickr Map' script...
Generating map for 'Andy Gocher'
1593 photos in the photostream
No changes on number of photos since last run.
Aborted.
Everything is up-to-date. Nothing to commit!
Getting member information...
Done!

##### Updating map for member: alfsan...
Getting locations and countries...
Starting 'Flickr Map' script...
Generating map for 'Alfonso Santelia'
1400 photos in the photostream
No changes on number of photos since last run.
Aborted.
Everything is up-to-date. Nothing to commit!
Getting member information...
Done!

##### Updating map for member: Dmitry Djouce...
Getting locations and countries...
Starting 'Flickr Map' script...
Generating map for 'Dmitry Djouce'
3283 photos in the photostream
No changes on number of photos since last run.
Aborted.
Everything is up-to-date. Nothing to commit!
Getting member information...
Done!

##### Updating map for member: Joseph Hollick...
Getting locations and countries...
Starting 'Flickr Map' script...
Generating map for 'Joseph Hollick'
25174 photos in the photostream
6 new photo(s) added
Extracting photo coordinates and ids...
Batch 1/1 | 6 photo(s) in 5 marker(s)
Adding marker(s) to map...
Map already has 15008 marker(s)
Added 4 new photo(s) to existing markers
2 new marker(s) will be added to the map
Added marker 1/2
Added marker 2/2
Finished!
Commiting map data...
Done!
Getting member information...
Done!

##### Updating map for member: CJphoto83...
Getting locations and countries...
Starting 'Flickr Map' script...
Generating map for 'CJphoto83'
102 photos in the photostream
No changes on number of photos since last run.
Aborted.
Everything is up-to-date. Nothing to commit!
Getting member information...
Done!

##### Updating map for member: ManxieB- sorry, stru...
Getting locations and countries...
Starting 'Flickr Map' script...
Generating map for 'Barbara Lawrence'
4572 photos in the photostream
No changes on number of photos since last run.
Aborted.
Everything is up-to-date. Nothing to commit!
Getting member information...
Done!

##### Updating map for member: philippeguillot21...
Getting locations and countries...
Starting 'Flickr Map' script...
Generating map for 'Philippe Guillot'
49117 photos in the photostream
13 new photo(s) added
Extracting photo coordinates and ids...
Batch 1/1 | 13 photo(s) in 6 marker(s)
Adding marker(s) to map...
Map already has 18635 marker(s)
Added 4 new photo(s) to existing markers
4 new marker(s) will be added to the map
Added marker 1/4
Added marker 2/4
Added marker 3/4
Added marker 4/4
Finished!
Commiting map data...
Done!
Getting member information...
Done!

##### Updating map for member: Brit 70013 fan...
Getting locations and countries...
Starting 'Flickr Map' script...
Generating map for 'CLIFF BANCROFT'
1492 photos in the photostream
No changes on number of photos since last run.
Aborted.
Everything is up-to-date. Nothing to commit!
Getting member information...
Done!

##### Updating map for member: Fernando Sa Rapita...
Getting locations and countries...
Starting 'Flickr Map' script...
Generating map for 'Fernando Vega (off until mid-o'
6115 photos in the photostream
No changes on number of photos since last run.
Aborted.
Everything is up-to-date. Nothing to commit!
Getting member information...
Done!

##### Updating map for member: Susie_D52...
Getting locations and countries...
Starting 'Flickr Map' script...
Generating map for 'Susie'
17487 photos in the photostream
No changes on number of photos since last run.
Aborted.
Everything is up-to-date. Nothing to commit!
Getting member information...
Done!

##### Updating map for member: Eugenio GV Costa...
Getting locations and countries...
Starting 'Flickr Map' script...
Generating map for 'Eugenio Costa'
673 photos in the photostream
No changes on number of photos since last run.
Aborted.
Everything is up-to-date. Nothing to commit!
Getting member information...
Done!

##### Updating map for member: Quel.R.R...
Getting locations and countries...
Starting 'Flickr Map' script...
Generating map for 'Raquel Rampasio'
58 photos in the photostream
No changes on number of photos since last run.
Aborted.
Everything is up-to-date. Nothing to commit!
Getting member information...
Done!

##### Updating map for member: javiernoval...
Getting locations and countries...
Starting 'Flickr Map' script...
Generating map for 'Javier Noval'
818 photos in the photostream
2 new photo(s) added
Extracting photo coordinates and ids...
Batch 1/1 | 0 photo(s) in 0 marker(s)
Adding marker(s) to map...
Map already has 383 marker(s)
No new markers were added to the map
Finished!
Everything is up-to-date. Nothing to commit!
Getting member information...
Done!

##### Updating map for member: bobbyblack51...
Getting locations and countries...
Starting 'Flickr Map' script...
Generating map for 'GEORGE'
37571 photos in the photostream
No changes on number of photos since last run.
Aborted.
Everything is up-to-date. Nothing to commit!
Getting member information...
Done!

##### Updating map for member: Jason Frels...
Getting locations and countries...
Starting 'Flickr Map' script...
Generating map for 'Jason'
243 photos in the photostream
1 new photo(s) added
Extracting photo coordinates and ids...
Batch 1/1 | 0 photo(s) in 0 marker(s)
Adding marker(s) to map...
Map already has 165 marker(s)
No new markers were added to the map
Finished!
Everything is up-to-date. Nothing to commit!
Getting member information...
Done!

##### Updating map for member: 8 mil views - Thank ...
Getting locations and countries...
Starting 'Flickr Map' script...
Generating map for 'Stanley Eastwood'
44010 photos in the photostream
3 new photo(s) added
Extracting photo coordinates and ids...
Batch 1/1 | 2 photo(s) in 1 marker(s)
Adding marker(s) to map...
Map already has 7725 marker(s)
Added 2 new photo(s) to existing markers
No new markers were added to the map
Finished!
Commiting map data...
Done!
Getting member information...
Done!

##### Updating map for member: pascalvu1...
Getting locations and countries...
Starting 'Flickr Map' script...
Generating map for 'Pascal VU'
44179 photos in the photostream
22 new photo(s) added
Extracting photo coordinates and ids...
Batch 1/1 | 22 photo(s) in 3 marker(s)
Adding marker(s) to map...
Map already has 8569 marker(s)
3 new marker(s) will be added to the map
Added marker 1/3
Added marker 2/3
Added marker 3/3
Finished!
Commiting map data...
Done!
Getting member information...
Done!

##### Updating map for member: jklovelacephotograph...
Getting locations and countries...
Starting 'Flickr Map' script...
Generating map for 'Jeffrey Lovelace'
77 photos in the photostream
No changes on number of photos since last run.
Aborted.
Everything is up-to-date. Nothing to commit!
Getting member information...
Done!

##### Updating map for member: Beatrix MK...
Getting locations and countries...
Starting 'Flickr Map' script...
Generating map for 'Beatrix'
1537 photos in the photostream
1 new photo(s) added
Extracting photo coordinates and ids...
Batch 1/1 | 1 photo(s) in 1 marker(s)
Adding marker(s) to map...
Map already has 815 marker(s)
1 new marker(s) will be added to the map
Added marker 1/1
Finished!
Commiting map data...
Done!
Getting member information...
Done!

##### Updating map for member: Black Diamond Images...
Getting locations and countries...
Starting 'Flickr Map' script...
Generating map for 'Black Diamond Images'
32365 photos in the photostream
No changes on number of photos since last run.
Aborted.
Everything is up-to-date. Nothing to commit!
Getting member information...
Done!

##### Updating map for member: GSB Photography...
Getting locations and countries...
Starting 'Flickr Map' script...
Generating map for 'GSB out until Oct 13'
215 photos in the photostream
No changes on number of photos since last run.
Aborted.
Everything is up-to-date. Nothing to commit!
Getting member information...
Done!

##### Updating map for member: giovannicampus...
Getting locations and countries...
Starting 'Flickr Map' script...
Generating map for 'giovanni Campus'
4801 photos in the photostream
No changes on number of photos since last run.
Aborted.
Everything is up-to-date. Nothing to commit!
Getting member information...
Done!

##### Updating map for member: jamesgreig@dr.com...
Getting locations and countries...
Starting 'Flickr Map' script...
Generating map for 'James Greig'
946 photos in the photostream
No changes on number of photos since last run.
Aborted.
Everything is up-to-date. Nothing to commit!
Getting member information...
Done!

##### Updating map for member: Howard Somerville (1...
Getting locations and countries...
Starting 'Flickr Map' script...
Generating map for 'Howard Somerville'
5063 photos in the photostream
No changes on number of photos since last run.
Aborted.
Everything is up-to-date. Nothing to commit!
Getting member information...
Done!

##### Updating map for member: █ Slices of Light ✴ ...
Getting locations and countries...
Starting 'Flickr Map' script...
Generating map for '█ Slices of Light ✴ █▀ ▀ ▀'
5692 photos in the photostream
4 new photo(s) added
Extracting photo coordinates and ids...
Batch 1/1 | 2 photo(s) in 2 marker(s)
Adding marker(s) to map...
Map already has 3405 marker(s)
2 new marker(s) will be added to the map
Added marker 1/2
Added marker 2/2
Finished!
Commiting map data...
Done!
Getting member information...
Done!

##### Updating map for member: Miguel - AF...
Getting locations and countries...
Starting 'Flickr Map' script...
Generating map for 'Miguel Angel Flores'
237 photos in the photostream
No changes on number of photos since last run.
Aborted.
Everything is up-to-date. Nothing to commit!
Getting member information...
Done!

##### Updating map for member: Liam Cheasty...
Getting locations and countries...
Starting 'Flickr Map' script...
Generating map for 'Liam Cheasty'
19754 photos in the photostream
39 new photo(s) added
Extracting photo coordinates and ids...
Batch 1/1 | 35 photo(s) in 11 marker(s)
Adding marker(s) to map...
Map already has 3805 marker(s)
No new markers were added to the map
Finished!
Everything is up-to-date. Nothing to commit!
Getting member information...
Done!

##### Updating map for member: karen_ds1101...
Getting locations and countries...
Starting 'Flickr Map' script...
Generating map for 'Karends1101'
1649 photos in the photostream
No changes on number of photos since last run.
Aborted.
Everything is up-to-date. Nothing to commit!
Getting member information...
Done!

##### Updating map for member: m01229...
Getting locations and countries...
Starting 'Flickr Map' script...
Generating map for 'm01229'
39948 photos in the photostream
No changes on number of photos since last run.
Aborted.
Everything is up-to-date. Nothing to commit!
Getting member information...
Done!

##### Updating map for member: xray_jets...
Getting locations and countries...
Starting 'Flickr Map' script...
Generating map for 'Peter K'
316 photos in the photostream
No changes on number of photos since last run.
Aborted.
Everything is up-to-date. Nothing to commit!
Getting member information...
Done!

##### Updating map for member: pepemartin2006...
Getting locations and countries...
Starting 'Flickr Map' script...
Generating map for 'Mário  Martins (Pepe Martín)'
194 photos in the photostream
No changes on number of photos since last run.
Aborted.
Everything is up-to-date. Nothing to commit!
Getting member information...
Done!

##### Updating map for member: sebastiánaguilar...
Getting locations and countries...
Starting 'Flickr Map' script...
Generating map for 'Sebastián Aguilar'
20109 photos in the photostream
No changes on number of photos since last run.
Aborted.
Everything is up-to-date. Nothing to commit!
Getting member information...
Done!

##### Updating map for member: peter.rath...
Getting locations and countries...
Starting 'Flickr Map' script...
Generating map for 'peter.rath'
748 photos in the photostream
No changes on number of photos since last run.
Aborted.
Everything is up-to-date. Nothing to commit!
Getting member information...
Done!

##### Updating map for member: Francois Le Rumeur...
Getting locations and countries...
Starting 'Flickr Map' script...
Generating map for 'Francois Le Rumeur'
351 photos in the photostream
No changes on number of photos since last run.
Aborted.
Everything is up-to-date. Nothing to commit!
Getting member information...
Done!

##### Updating map for member: tquist24...
Getting locations and countries...
Starting 'Flickr Map' script...
Generating map for 'tquist24'
4675 photos in the photostream
No changes on number of photos since last run.
Aborted.
Everything is up-to-date. Nothing to commit!
Getting member information...
Done!

##### Updating map for member: panoround hutter...
Getting locations and countries...
Starting 'Flickr Map' script...
Generating map for 'Frederic Hutter'
914 photos in the photostream
2 new photo(s) added
Extracting photo coordinates and ids...
Batch 1/1 | 0 photo(s) in 0 marker(s)
Adding marker(s) to map...
Map already has 141 marker(s)
No new markers were added to the map
Finished!
Everything is up-to-date. Nothing to commit!
Getting member information...
Done!

##### Updating map for member: Mani_H....
Getting locations and countries...
Starting 'Flickr Map' script...
Generating map for 'Mani_H.'
1613 photos in the photostream
No changes on number of photos since last run.
Aborted.
Everything is up-to-date. Nothing to commit!
Getting member information...
Done!

##### Updating map for member: Rosie Chilton...
Getting locations and countries...
Starting 'Flickr Map' script...
Generating map for 'Rosie Chilton'
313 photos in the photostream
2 new photo(s) added
Extracting photo coordinates and ids...
Batch 1/1 | 0 photo(s) in 0 marker(s)
Adding marker(s) to map...
Map already has 68 marker(s)
No new markers were added to the map
Finished!
Everything is up-to-date. Nothing to commit!
Getting member information...
Done!

##### Updating map for member: K@moeiras...
Getting locations and countries...
Starting 'Flickr Map' script...
Generating map for 'KAMO KAMOEIRAS'
3380 photos in the photostream
No changes on number of photos since last run.
Aborted.
Everything is up-to-date. Nothing to commit!
Getting member information...
Done!

##### Updating map for member: paco zerpa...
Getting locations and countries...
Starting 'Flickr Map' script...
Generating map for 'paco zerpa'
850 photos in the photostream
No changes on number of photos since last run.
Aborted.
Everything is up-to-date. Nothing to commit!
Getting member information...
Done!

##### Updating map for member: Joe Dyndale...
Getting locations and countries...
Starting 'Flickr Map' script...
Generating map for 'Joe Dyndale'
53 photos in the photostream
No changes on number of photos since last run.
Aborted.
Everything is up-to-date. Nothing to commit!
Getting member information...
Done!

##### Updating map for member: dimitri.verledens...
Getting locations and countries...
Starting 'Flickr Map' script...
Generating map for 'Dimitri Verledens'
1975 photos in the photostream
5 new photo(s) added
Extracting photo coordinates and ids...
Batch 1/1 | 0 photo(s) in 0 marker(s)
Adding marker(s) to map...
Map already has 1061 marker(s)
No new markers were added to the map
Finished!
Everything is up-to-date. Nothing to commit!
Getting member information...
Done!

##### Updating map for member: Mars Ryan Hartdegen...
Getting locations and countries...
Starting 'Flickr Map' script...
Generating map for 'Mars Ryan Hartdegen'
94 photos in the photostream
1 new photo(s) added
Extracting photo coordinates and ids...
Batch 1/1 | 0 photo(s) in 0 marker(s)
Adding marker(s) to map...
Map already has 1 marker(s)
No new markers were added to the map
Finished!
Everything is up-to-date. Nothing to commit!
Getting member information...
Done!

##### Updating map for member: Florian106...
Getting locations and countries...
Starting 'Flickr Map' script...
Generating map for 'Florian106'
8016 photos in the photostream
No changes on number of photos since last run.
Aborted.
Everything is up-to-date. Nothing to commit!
Getting member information...
Done!

##### Updating map for member: xd_travel...
Getting locations and countries...
Starting 'Flickr Map' script...
Generating map for 'Mike X-d'
11121 photos in the photostream
No changes on number of photos since last run.
Aborted.
Everything is up-to-date. Nothing to commit!
Getting member information...
Done!

##### Updating map for member: Nicolas Hoizey...
Getting locations and countries...
Starting 'Flickr Map' script...
Generating map for 'Nicolas Hoizey'
519 photos in the photostream
No changes on number of photos since last run.
Aborted.
Everything is up-to-date. Nothing to commit!
Getting member information...
Done!

##### Updating map for member: ByronDelgado...
Getting locations and countries...
Starting 'Flickr Map' script...
Generating map for 'Byron Delgado'
640 photos in the photostream
No changes on number of photos since last run.
Aborted.
Everything is up-to-date. Nothing to commit!
Getting member information...
Done!

##### Updating map for member: Dirk Wandel...
Getting locations and countries...
Starting 'Flickr Map' script...
Generating map for 'Dirk Wandel'
10171 photos in the photostream
2 new photo(s) added
Extracting photo coordinates and ids...
Batch 1/1 | 2 photo(s) in 2 marker(s)
Adding marker(s) to map...
Map already has 8960 marker(s)
2 new marker(s) will be added to the map
Added marker 1/2
Added marker 2/2
Finished!
Commiting map data...
Done!
Getting member information...
Done!

##### Updating map for member: andreybogdanov...
Getting locations and countries...
Starting 'Flickr Map' script...
Generating map for 'Andrey Bogdanov'
969 photos in the photostream
No changes on number of photos since last run.
Aborted.
Everything is up-to-date. Nothing to commit!
Getting member information...
Done!

##### Updating map for member: Oleg S ....
Getting locations and countries...
Starting 'Flickr Map' script...
Generating map for 'Oleg S'
990 photos in the photostream
No changes on number of photos since last run.
Aborted.
Everything is up-to-date. Nothing to commit!
Getting member information...
Done!

##### Updating map for member: HereIsTom...
Getting locations and countries...
Starting 'Flickr Map' script...
Generating map for 'Tom Jutte'
1592 photos in the photostream
No changes on number of photos since last run.
Aborted.
Everything is up-to-date. Nothing to commit!
Getting member information...
Done!

##### Updating map for member: Michael Thornquist...
Getting locations and countries...
Starting 'Flickr Map' script...
Generating map for 'SeaSide Signs ~ Vancouver, Can'
832 photos in the photostream
No changes on number of photos since last run.
Aborted.
Everything is up-to-date. Nothing to commit!
Getting member information...
Done!

##### Updating map for member: Gmlskis...
Getting locations and countries...
Starting 'Flickr Map' script...
Generating map for 'George Landis'
71268 photos in the photostream
648 new photo(s) added
Extracting photo coordinates and ids...
Batch 1/2 | 500 photo(s) in 2 marker(s)
Batch 2/2 | 648 photo(s) in 2 marker(s)
Adding marker(s) to map...
Map already has 1055 marker(s)
Added 648 new photo(s) to existing markers
No new markers were added to the map
Finished!
Commiting map data...
Done!
Getting member information...
Done!

##### Updating map for member: victor san...
Getting locations and countries...
Starting 'Flickr Map' script...
Generating map for 'victor san'
937 photos in the photostream
No changes on number of photos since last run.
Aborted.
Everything is up-to-date. Nothing to commit!
Getting member information...
Done!

##### Updating map for member: malioli...
Getting locations and countries...
Starting 'Flickr Map' script...
Generating map for 'Oliver Švob'
17346 photos in the photostream
2 new photo(s) added
Extracting photo coordinates and ids...
Batch 1/1 | 2 photo(s) in 2 marker(s)
Adding marker(s) to map...
Map already has 2708 marker(s)
2 new marker(s) will be added to the map
Added marker 1/2
Added marker 2/2
Finished!
Commiting map data...
Done!
Getting member information...
Done!

##### Updating map for member: fam_nordstrom...
Getting locations and countries...
Starting 'Flickr Map' script...
Generating map for 'Pierre Nordström'
23716 photos in the photostream
5 new photo(s) added
Extracting photo coordinates and ids...
Batch 1/1 | 5 photo(s) in 4 marker(s)
Adding marker(s) to map...
Map already has 7107 marker(s)
Added 1 new photo(s) to existing markers
3 new marker(s) will be added to the map
Added marker 1/3
Added marker 2/3
Added marker 3/3
Finished!
Commiting map data...
Done!
Getting member information...
Done!

##### Updating map for member: Harald Schulz...
Getting locations and countries...
Starting 'Flickr Map' script...
Generating map for 'Harri Schulz'
10782 photos in the photostream
4 new photo(s) added
Extracting photo coordinates and ids...
Batch 1/1 | 4 photo(s) in 4 marker(s)
Adding marker(s) to map...
Map already has 5624 marker(s)
Added 1 new photo(s) to existing markers
3 new marker(s) will be added to the map
Added marker 1/3
Added marker 2/3
Added marker 3/3
Finished!
Commiting map data...
Done!
Getting member information...
Done!

##### Updating map for member: VicColon...
Getting locations and countries...
Starting 'Flickr Map' script...
Generating map for 'VicColon'
461 photos in the photostream
No changes on number of photos since last run.
Aborted.
Everything is up-to-date. Nothing to commit!
Getting member information...
Done!

##### Updating map for member: S LYNN LEE...
Getting locations and countries...
Starting 'Flickr Map' script...
Generating map for 'S Lynn Lee'
6427 photos in the photostream
No changes on number of photos since last run.
Aborted.
Everything is up-to-date. Nothing to commit!
Getting member information...
Done!

##### Updating map for member: TIA International Ph...
Getting locations and countries...
Starting 'Flickr Map' script...
Generating map for 'TIA INTERNATIONAL PHOTOGRAPHY'
1755 photos in the photostream
No changes on number of photos since last run.
Aborted.
Everything is up-to-date. Nothing to commit!
Getting member information...
Done!

##### Updating map for member: salix.caprea...
Getting locations and countries...
Starting 'Flickr Map' script...
Generating map for 'Iva'
302 photos in the photostream
No changes on number of photos since last run.
Aborted.
Everything is up-to-date. Nothing to commit!
Getting member information...
Done!

##### Updating map for member: faun070...
Getting locations and countries...
Starting 'Flickr Map' script...
Generating map for 'faun070'
84667 photos in the photostream
2923 new photo(s) added
Extracting photo coordinates and ids...
Batch 1/6 | 0 photo(s) in 0 marker(s)
Batch 2/6 | 0 photo(s) in 0 marker(s)
Batch 3/6 | 0 photo(s) in 0 marker(s)
Batch 4/6 | 0 photo(s) in 0 marker(s)
Batch 5/6 | 0 photo(s) in 0 marker(s)
Batch 6/6 | 1 photo(s) in 1 marker(s)
Adding marker(s) to map...
Map already has 17168 marker(s)
No new markers were added to the map
Finished!
Everything is up-to-date. Nothing to commit!
Getting member information...
Done!

##### Updating map for member: Robert.Pittman...
Getting locations and countries...
Starting 'Flickr Map' script...
Generating map for 'Robert Pittman'
2715 photos in the photostream
No changes on number of photos since last run.
Aborted.
Everything is up-to-date. Nothing to commit!
Getting member information...
Done!

##### Updating map for member: benbobjr...
Getting locations and countries...
Starting 'Flickr Map' script...
Generating map for 'Ben Abel'
52548 photos in the photostream
No changes on number of photos since last run.
Aborted.
Everything is up-to-date. Nothing to commit!
Getting member information...
Done!

##### Updating map for member: seacult...
Getting locations and countries...
Starting 'Flickr Map' script...
Generating map for 'seacult seacult'
128 photos in the photostream
No changes on number of photos since last run.
Aborted.
Everything is up-to-date. Nothing to commit!
Getting member information...
Done!

##### Updating map for member: Jеdd...
Getting locations and countries...
Starting 'Flickr Map' script...
Generating map for 'Jed Jedd'
584 photos in the photostream
No changes on number of photos since last run.
Aborted.
Everything is up-to-date. Nothing to commit!
Getting member information...
Done!

##### Updating map for member: Edouard55...
Getting locations and countries...
Starting 'Flickr Map' script...
Generating map for 'Edouard'
13202 photos in the photostream
3 new photo(s) added
Extracting photo coordinates and ids...
Batch 1/1 | 3 photo(s) in 2 marker(s)
Adding marker(s) to map...
Map already has 9543 marker(s)
2 new marker(s) will be added to the map
Added marker 1/2
Added marker 2/2
Finished!
Commiting map data...
Done!
Getting member information...
Done!

##### Updating map for member: Ludo's World...
Getting locations and countries...
Starting 'Flickr Map' script...
Generating map for 'Lцdо\/іс M'
5101 photos in the photostream
No changes on number of photos since last run.
Aborted.
Everything is up-to-date. Nothing to commit!
Getting member information...
Done!

##### Updating map for member: Joao de Mio...
Getting locations and countries...
Starting 'Flickr Map' script...
Generating map for 'Joao de Mio'
472 photos in the photostream
No changes on number of photos since last run.
Aborted.
Everything is up-to-date. Nothing to commit!
Getting member information...
Done!

##### Updating map for member: perunique :)...
Getting locations and countries...
Starting 'Flickr Map' script...
Generating map for 'Vedran Peruničić'
219 photos in the photostream
No changes on number of photos since last run.
Aborted.
Everything is up-to-date. Nothing to commit!
Getting member information...
Done!

##### Updating map for member: aroubin - Yay! 6 MIL...
Getting locations and countries...
Starting 'Flickr Map' script...
Generating map for 'aroubin - Yay! 6 MILLION views'
13266 photos in the photostream
44 new photo(s) added
Extracting photo coordinates and ids...
Batch 1/1 | 36 photo(s) in 29 marker(s)
Adding marker(s) to map...
Map already has 2693 marker(s)
4 new marker(s) will be added to the map
Added marker 1/4
Added marker 2/4
Added marker 3/4
Added marker 4/4
Finished!
Commiting map data...
Done!
Getting member information...
Done!

##### Updating map for member: mpfau64...
Getting locations and countries...
Starting 'Flickr Map' script...
Generating map for 'Michael Pfau'
23467 photos in the photostream
No changes on number of photos since last run.
Aborted.
Everything is up-to-date. Nothing to commit!
Getting member information...
Done!

##### Updating map for member: mikaelsoderberg...
Getting locations and countries...
Starting 'Flickr Map' script...
Generating map for 'mikaelsoderberg'
585 photos in the photostream
No changes on number of photos since last run.
Aborted.
Everything is up-to-date. Nothing to commit!
Getting member information...
Done!

##### Updating map for member: Fernando Forniés Rev...
Getting locations and countries...
Starting 'Flickr Map' script...
Generating map for 'Fernando Forniés Revuelta'
12108 photos in the photostream
1 new photo(s) added
Extracting photo coordinates and ids...
Batch 1/1 | 0 photo(s) in 0 marker(s)
Adding marker(s) to map...
Map already has 1911 marker(s)
No new markers were added to the map
Finished!
Everything is up-to-date. Nothing to commit!
Getting member information...
Done!

##### Updating map for member: InnAtElmwood...
Getting locations and countries...
Starting 'Flickr Map' script...
Generating map for 'K & R'
1154 photos in the photostream
3 new photo(s) added
Extracting photo coordinates and ids...
Batch 1/1 | 0 photo(s) in 0 marker(s)
Adding marker(s) to map...
Map already has 568 marker(s)
No new markers were added to the map
Finished!
Everything is up-to-date. Nothing to commit!
Getting member information...
Done!

##### Updating map for member: Kevin Povenz...
Getting locations and countries...
Starting 'Flickr Map' script...
Generating map for 'Kevin Povenz'
3782 photos in the photostream
No changes on number of photos since last run.
Aborted.
Everything is up-to-date. Nothing to commit!
Getting member information...
Done!

##### Updating map for member: Hugo von Schreck...
Getting locations and countries...
Starting 'Flickr Map' script...
Generating map for 'Heinz Dieter  Heil'
9459 photos in the photostream
1 new photo(s) added
Extracting photo coordinates and ids...
Batch 1/1 | 1 photo(s) in 1 marker(s)
Adding marker(s) to map...
Map already has 1627 marker(s)
Added 1 new photo(s) to existing markers
No new markers were added to the map
Finished!
Commiting map data...
Done!
Getting member information...
Done!

##### Updating map for member: MiroFedurco...
Getting locations and countries...
Starting 'Flickr Map' script...
Generating map for 'Miroslav Fedurco'
298 photos in the photostream
No changes on number of photos since last run.
Aborted.
Everything is up-to-date. Nothing to commit!
Getting member information...
Done!

##### Updating map for member: Steve W3...
Getting locations and countries...
Starting 'Flickr Map' script...
Generating map for 'Steve Weston'
1223 photos in the photostream
14 new photo(s) added
Extracting photo coordinates and ids...
Batch 1/1 | 0 photo(s) in 0 marker(s)
Adding marker(s) to map...
Map already has 264 marker(s)
No new markers were added to the map
Finished!
Everything is up-to-date. Nothing to commit!
Getting member information...
Done!

##### Updating map for member: MountMan Photo temp....
Getting locations and countries...
Starting 'Flickr Map' script...
Generating map for 'MountMan Photo'
3343 photos in the photostream
No changes on number of photos since last run.
Aborted.
Everything is up-to-date. Nothing to commit!
Getting member information...
Done!

##### Updating map for member: giorgiorodano46...
Getting locations and countries...
Starting 'Flickr Map' script...
Generating map for 'Giorgio Rodano'
10657 photos in the photostream
No changes on number of photos since last run.
Aborted.
Everything is up-to-date. Nothing to commit!
Getting member information...
Done!

##### Updating map for member: Atila Yumusakkaya...
Getting locations and countries...
Starting 'Flickr Map' script...
Generating map for 'Atila Yumusakkaya'
1900 photos in the photostream
No changes on number of photos since last run.
Aborted.
Everything is up-to-date. Nothing to commit!
Getting member information...
Done!

##### Updating map for member: Gerald (Wayne) Prout...
Getting locations and countries...
Starting 'Flickr Map' script...
Generating map for 'Gerald (Wayne) Prout'
9304 photos in the photostream
No changes on number of photos since last run.
Aborted.
Everything is up-to-date. Nothing to commit!
Getting member information...
Done!

##### Updating map for member: Sacred_Spiral_Photog...
Getting locations and countries...
Starting 'Flickr Map' script...
Generating map for 'Sacred_Spiral_Photography'
640 photos in the photostream
No changes on number of photos since last run.
Aborted.
Everything is up-to-date. Nothing to commit!
Getting member information...
Done!

##### Updating map for member: Visavis.....
Getting locations and countries...
Starting 'Flickr Map' script...
Generating map for 'Viktor Kirilko'
457 photos in the photostream
No changes on number of photos since last run.
Aborted.
Everything is up-to-date. Nothing to commit!
Getting member information...
Done!

##### Updating map for member: mark.paradox...
Getting locations and countries...
Starting 'Flickr Map' script...
Generating map for 'Mark  PARADOX'
967 photos in the photostream
4 new photo(s) added
Extracting photo coordinates and ids...
Batch 1/1 | 0 photo(s) in 0 marker(s)
Adding marker(s) to map...
Map already has 2 marker(s)
No new markers were added to the map
Finished!
Everything is up-to-date. Nothing to commit!
Getting member information...
Done!

##### Updating map for member: asarstudios...
Getting locations and countries...
Starting 'Flickr Map' script...
Generating map for 'Asar Studios'
19890 photos in the photostream
No changes on number of photos since last run.
Aborted.
Everything is up-to-date. Nothing to commit!
Getting member information...
Done!

##### Updating map for member: Guildfordian...
Getting locations and countries...
Starting 'Flickr Map' script...
Generating map for 'Guildfordian'
1784 photos in the photostream
No changes on number of photos since last run.
Aborted.
Everything is up-to-date. Nothing to commit!
Getting member information...
Done!

##### Updating map for member: khoitran1957...
Getting locations and countries...
Starting 'Flickr Map' script...
Generating map for 'khoi tranduc'
874 photos in the photostream
No changes on number of photos since last run.
Aborted.
Everything is up-to-date. Nothing to commit!
Getting member information...
Done!

##### Updating map for member: NiBe60...
Getting locations and countries...
Starting 'Flickr Map' script...
Generating map for 'Bernhard Niedermeier'
1356 photos in the photostream
1 new photo(s) added
Extracting photo coordinates and ids...
Batch 1/1 | 1 photo(s) in 1 marker(s)
Adding marker(s) to map...
Map already has 644 marker(s)
Added 1 new photo(s) to existing markers
No new markers were added to the map
Finished!
Commiting map data...
Done!
Getting member information...
Done!

##### Updating map for member: MesphotosAmateur....
Getting locations and countries...
Starting 'Flickr Map' script...
Generating map for 'MesphotosAmateur.'
153 photos in the photostream
No changes on number of photos since last run.
Aborted.
Everything is up-to-date. Nothing to commit!
Getting member information...
Done!

##### Updating map for member: sculptorli...
Getting locations and countries...
Starting 'Flickr Map' script...
Generating map for 'sculptorli'
501 photos in the photostream
No changes on number of photos since last run.
Aborted.
Everything is up-to-date. Nothing to commit!
Getting member information...
Done!

##### Updating map for member: jeanpaulneveu...
Getting locations and countries...
Starting 'Flickr Map' script...
Generating map for 'JEAN PAUL NEVEU'
3015 photos in the photostream
No changes on number of photos since last run.
Aborted.
Everything is up-to-date. Nothing to commit!
Getting member information...
Done!

##### Updating map for member: Fotos Avulso...
Getting locations and countries...
Starting 'Flickr Map' script...
Generating map for 'Fotos Avulso'
726 photos in the photostream
No changes on number of photos since last run.
Aborted.
Everything is up-to-date. Nothing to commit!
Getting member information...
Done!

##### Updating map for member: gsegelken...
Getting locations and countries...
Starting 'Flickr Map' script...
Generating map for 'gsegelken'
32156 photos in the photostream
1 photo(s) deleted from photostream.
The corresponding markers will alse be deleted
Extracting photo coordinates and ids...
Batch 1/65 | 263 photo(s) in 205 marker(s)
Batch 2/65 | 592 photo(s) in 525 marker(s)
Batch 3/65 | 710 photo(s) in 613 marker(s)
Batch 4/65 | 842 photo(s) in 740 marker(s)
Batch 5/65 | 897 photo(s) in 788 marker(s)
Batch 6/65 | 1177 photo(s) in 1033 marker(s)
Batch 7/65 | 1321 photo(s) in 1163 marker(s)
Batch 8/65 | 1443 photo(s) in 1280 marker(s)
Batch 9/65 | 1683 photo(s) in 1515 marker(s)
Batch 10/65 | 1962 photo(s) in 1783 marker(s)
Batch 11/65 | 2009 photo(s) in 1822 marker(s)
Batch 12/65 | 2091 photo(s) in 1893 marker(s)
Batch 13/65 | 2182 photo(s) in 1978 marker(s)
Batch 14/65 | 2284 photo(s) in 2072 marker(s)
Batch 15/65 | 2365 photo(s) in 2131 marker(s)
Batch 16/65 | 2388 photo(s) in 2146 marker(s)
Batch 17/65 | 2405 photo(s) in 2160 marker(s)
Batch 18/65 | 2464 photo(s) in 2191 marker(s)
Batch 19/65 | 2507 photo(s) in 2228 marker(s)
Batch 20/65 | 2554 photo(s) in 2263 marker(s)
Batch 21/65 | 2604 photo(s) in 2308 marker(s)
Batch 22/65 | 2645 photo(s) in 2344 marker(s)
Batch 23/65 | 2725 photo(s) in 2419 marker(s)
Batch 24/65 | 2784 photo(s) in 2472 marker(s)
Batch 25/65 | 2838 photo(s) in 2526 marker(s)
Batch 26/65 | 2892 photo(s) in 2573 marker(s)
Batch 27/65 | 2924 photo(s) in 2602 marker(s)
Batch 28/65 | 2944 photo(s) in 2622 marker(s)
Batch 29/65 | 2969 photo(s) in 2647 marker(s)
Batch 30/65 | 2987 photo(s) in 2662 marker(s)
Batch 31/65 | 2991 photo(s) in 2666 marker(s)
Batch 32/65 | 3012 photo(s) in 2686 marker(s)
Batch 33/65 | 3068 photo(s) in 2733 marker(s)
Batch 34/65 | 3102 photo(s) in 2766 marker(s)
Batch 35/65 | 3106 photo(s) in 2770 marker(s)
Batch 36/65 | 3111 photo(s) in 2775 marker(s)
Batch 37/65 | 3141 photo(s) in 2803 marker(s)
Batch 38/65 | 3157 photo(s) in 2818 marker(s)
Batch 39/65 | 3188 photo(s) in 2847 marker(s)
Batch 40/65 | 3194 photo(s) in 2852 marker(s)
Batch 41/65 | 3209 photo(s) in 2865 marker(s)
Batch 42/65 | 3215 photo(s) in 2871 marker(s)
Batch 43/65 | 3223 photo(s) in 2877 marker(s)
Batch 44/65 | 3247 photo(s) in 2899 marker(s)
Batch 45/65 | 3279 photo(s) in 2929 marker(s)
Batch 46/65 | 3291 photo(s) in 2940 marker(s)
Batch 47/65 | 3291 photo(s) in 2940 marker(s)
Batch 48/65 | 3294 photo(s) in 2942 marker(s)
Batch 49/65 | 3295 photo(s) in 2943 marker(s)
Batch 50/65 | 3301 photo(s) in 2949 marker(s)
Batch 51/65 | 3301 photo(s) in 2949 marker(s)
Batch 52/65 | 3310 photo(s) in 2957 marker(s)
Batch 53/65 | 3323 photo(s) in 2969 marker(s)
Batch 54/65 | 3338 photo(s) in 2981 marker(s)
Batch 55/65 | 3365 photo(s) in 3006 marker(s)
Batch 56/65 | 3366 photo(s) in 3007 marker(s)
Batch 57/65 | 3366 photo(s) in 3007 marker(s)
Batch 58/65 | 3366 photo(s) in 3007 marker(s)
Batch 59/65 | 3367 photo(s) in 3007 marker(s)
Batch 60/65 | 3370 photo(s) in 3010 marker(s)
Batch 61/65 | 3389 photo(s) in 3029 marker(s)
Batch 62/65 | 3391 photo(s) in 3031 marker(s)
Batch 63/65 | 3401 photo(s) in 3041 marker(s)
Batch 64/65 | 3410 photo(s) in 3049 marker(s)
Batch 65/65 | 3417 photo(s) in 3056 marker(s)
Adding marker(s) to map...
3056 new marker(s) will be added to the map
Added marker 1/3056
Added marker 2/3056
Added marker 3/3056
Added marker 4/3056
Added marker 5/3056
Added marker 6/3056
Added marker 7/3056
Added marker 8/3056
Added marker 9/3056
Added marker 10/3056
Added marker 11/3056
Added marker 12/3056
Added marker 13/3056
Added marker 14/3056
Added marker 15/3056
Added marker 16/3056
Added marker 17/3056
Added marker 18/3056
Added marker 19/3056
Added marker 20/3056
Added marker 21/3056
Added marker 22/3056
Added marker 23/3056
Added marker 24/3056
Added marker 25/3056
Added marker 26/3056
Added marker 27/3056
Added marker 28/3056
Added marker 29/3056
Added marker 30/3056
Added marker 31/3056
Added marker 32/3056
Added marker 33/3056
Added marker 34/3056
Added marker 35/3056
Added marker 36/3056
Added marker 37/3056
Added marker 38/3056
Added marker 39/3056
Added marker 40/3056
Added marker 41/3056
Added marker 42/3056
Added marker 43/3056
Added marker 44/3056
Added marker 45/3056
Added marker 46/3056
Added marker 47/3056
Added marker 48/3056
Added marker 49/3056
Added marker 50/3056
Added marker 51/3056
Added marker 52/3056
Added marker 53/3056
Added marker 54/3056
Added marker 55/3056
Added marker 56/3056
Added marker 57/3056
Added marker 58/3056
Added marker 59/3056
Added marker 60/3056
Added marker 61/3056
Added marker 62/3056
Added marker 63/3056
Added marker 64/3056
Added marker 65/3056
Added marker 66/3056
Added marker 67/3056
Added marker 68/3056
Added marker 69/3056
Added marker 70/3056
Added marker 71/3056
Added marker 72/3056
Added marker 73/3056
Added marker 74/3056
Added marker 75/3056
Added marker 76/3056
Added marker 77/3056
Added marker 78/3056
Added marker 79/3056
Added marker 80/3056
Added marker 81/3056
Added marker 82/3056
Added marker 83/3056
Added marker 84/3056
Added marker 85/3056
Added marker 86/3056
Added marker 87/3056
Added marker 88/3056
Added marker 89/3056
Added marker 90/3056
Added marker 91/3056
Added marker 92/3056
Added marker 93/3056
Added marker 94/3056
Added marker 95/3056
Added marker 96/3056
Added marker 97/3056
Added marker 98/3056
Added marker 99/3056
Added marker 100/3056
Added marker 101/3056
Added marker 102/3056
Added marker 103/3056
Added marker 104/3056
Added marker 105/3056
Added marker 106/3056
Added marker 107/3056
Added marker 108/3056
Added marker 109/3056
Added marker 110/3056
Added marker 111/3056
Added marker 112/3056
Added marker 113/3056
Added marker 114/3056
Added marker 115/3056
Added marker 116/3056
Added marker 117/3056
Added marker 118/3056
Added marker 119/3056
Added marker 120/3056
Added marker 121/3056
Added marker 122/3056
Added marker 123/3056
Added marker 124/3056
Added marker 125/3056
Added marker 126/3056
Added marker 127/3056
Added marker 128/3056
Added marker 129/3056
Added marker 130/3056
Added marker 131/3056
Added marker 132/3056
Added marker 133/3056
Added marker 134/3056
Added marker 135/3056
Added marker 136/3056
Added marker 137/3056
Added marker 138/3056
Added marker 139/3056
Added marker 140/3056
Added marker 141/3056
Added marker 142/3056
Added marker 143/3056
Added marker 144/3056
Added marker 145/3056
Added marker 146/3056
Added marker 147/3056
Added marker 148/3056
Added marker 149/3056
Added marker 150/3056
Added marker 151/3056
Added marker 152/3056
Added marker 153/3056
Added marker 154/3056
Added marker 155/3056
Added marker 156/3056
Added marker 157/3056
Added marker 158/3056
Added marker 159/3056
Added marker 160/3056
Added marker 161/3056
Added marker 162/3056
Added marker 163/3056
Added marker 164/3056
Added marker 165/3056
Added marker 166/3056
Added marker 167/3056
Added marker 168/3056
Added marker 169/3056
Added marker 170/3056
Added marker 171/3056
Added marker 172/3056
Added marker 173/3056
Added marker 174/3056
Added marker 175/3056
Added marker 176/3056
Added marker 177/3056
Added marker 178/3056
Added marker 179/3056
Added marker 180/3056
Added marker 181/3056
Added marker 182/3056
Added marker 183/3056
Added marker 184/3056
Added marker 185/3056
Added marker 186/3056
Added marker 187/3056
Added marker 188/3056
Added marker 189/3056
Added marker 190/3056
Added marker 191/3056
Added marker 192/3056
Added marker 193/3056
Added marker 194/3056
Added marker 195/3056
Added marker 196/3056
Added marker 197/3056
Added marker 198/3056
Added marker 199/3056
Added marker 200/3056
Added marker 201/3056
Added marker 202/3056
Added marker 203/3056
Added marker 204/3056
Added marker 205/3056
Added marker 206/3056
Added marker 207/3056
Added marker 208/3056
Added marker 209/3056
Added marker 210/3056
Added marker 211/3056
Added marker 212/3056
Added marker 213/3056
Added marker 214/3056
Added marker 215/3056
Added marker 216/3056
Added marker 217/3056
Added marker 218/3056
Added marker 219/3056
Added marker 220/3056
Added marker 221/3056
Added marker 222/3056
Added marker 223/3056
Added marker 224/3056
Added marker 225/3056
Added marker 226/3056
Added marker 227/3056
Added marker 228/3056
Added marker 229/3056
Added marker 230/3056
Added marker 231/3056
Added marker 232/3056
Added marker 233/3056
Added marker 234/3056
Added marker 235/3056
Added marker 236/3056
Added marker 237/3056
Added marker 238/3056
Added marker 239/3056
Added marker 240/3056
Added marker 241/3056
Added marker 242/3056
Added marker 243/3056
Added marker 244/3056
Added marker 245/3056
Added marker 246/3056
Added marker 247/3056
Added marker 248/3056
Added marker 249/3056
Added marker 250/3056
Added marker 251/3056
Added marker 252/3056
Added marker 253/3056
Added marker 254/3056
Added marker 255/3056
Added marker 256/3056
Added marker 257/3056
Added marker 258/3056
Added marker 259/3056
Added marker 260/3056
Added marker 261/3056
Added marker 262/3056
Added marker 263/3056
Added marker 264/3056
Added marker 265/3056
Added marker 266/3056
Added marker 267/3056
Added marker 268/3056
Added marker 269/3056
Added marker 270/3056
Added marker 271/3056
Added marker 272/3056
Added marker 273/3056
Added marker 274/3056
Added marker 275/3056
Added marker 276/3056
Added marker 277/3056
Added marker 278/3056
Added marker 279/3056
Added marker 280/3056
Added marker 281/3056
Added marker 282/3056
Added marker 283/3056
Added marker 284/3056
Added marker 285/3056
Added marker 286/3056
Added marker 287/3056
Added marker 288/3056
Added marker 289/3056
Added marker 290/3056
Added marker 291/3056
Added marker 292/3056
Added marker 293/3056
Added marker 294/3056
Added marker 295/3056
Added marker 296/3056
Added marker 297/3056
Added marker 298/3056
Added marker 299/3056
Added marker 300/3056
Added marker 301/3056
Added marker 302/3056
Added marker 303/3056
Added marker 304/3056
Added marker 305/3056
Added marker 306/3056
Added marker 307/3056
Added marker 308/3056
Added marker 309/3056
Added marker 310/3056
Added marker 311/3056
Added marker 312/3056
Added marker 313/3056
Added marker 314/3056
Added marker 315/3056
Added marker 316/3056
Added marker 317/3056
Added marker 318/3056
Added marker 319/3056
Added marker 320/3056
Added marker 321/3056
Added marker 322/3056
Added marker 323/3056
Added marker 324/3056
Added marker 325/3056
Added marker 326/3056
Added marker 327/3056
Added marker 328/3056
Added marker 329/3056
Added marker 330/3056
Added marker 331/3056
Added marker 332/3056
Added marker 333/3056
Added marker 334/3056
Added marker 335/3056
Added marker 336/3056
Added marker 337/3056
Added marker 338/3056
Added marker 339/3056
Added marker 340/3056
Added marker 341/3056
Added marker 342/3056
Added marker 343/3056
Added marker 344/3056
Added marker 345/3056
Added marker 346/3056
Added marker 347/3056
Added marker 348/3056
Added marker 349/3056
Added marker 350/3056
Added marker 351/3056
Added marker 352/3056
Added marker 353/3056
Added marker 354/3056
Added marker 355/3056
Added marker 356/3056
Added marker 357/3056
Added marker 358/3056
Added marker 359/3056
Added marker 360/3056
Added marker 361/3056
Added marker 362/3056
Added marker 363/3056
Added marker 364/3056
Added marker 365/3056
Added marker 366/3056
Added marker 367/3056
Added marker 368/3056
Added marker 369/3056
Added marker 370/3056
Added marker 371/3056
Added marker 372/3056
Added marker 373/3056
Added marker 374/3056
Added marker 375/3056
Added marker 376/3056
Added marker 377/3056
Added marker 378/3056
Added marker 379/3056
Added marker 380/3056
Added marker 381/3056
Added marker 382/3056
Added marker 383/3056
Added marker 384/3056
Added marker 385/3056
Added marker 386/3056
Added marker 387/3056
Added marker 388/3056
Added marker 389/3056
Added marker 390/3056
Added marker 391/3056
Added marker 392/3056
Added marker 393/3056
Added marker 394/3056
Added marker 395/3056
Added marker 396/3056
Added marker 397/3056
Added marker 398/3056
Added marker 399/3056
Added marker 400/3056
Added marker 401/3056
Added marker 402/3056
Added marker 403/3056
Added marker 404/3056
Added marker 405/3056
Added marker 406/3056
Added marker 407/3056
Added marker 408/3056
Added marker 409/3056
Added marker 410/3056
Added marker 411/3056
Added marker 412/3056
Added marker 413/3056
Added marker 414/3056
Added marker 415/3056
Added marker 416/3056
Added marker 417/3056
Added marker 418/3056
Added marker 419/3056
Added marker 420/3056
Added marker 421/3056
Added marker 422/3056
Added marker 423/3056
Added marker 424/3056
Added marker 425/3056
Added marker 426/3056
Added marker 427/3056
Added marker 428/3056
Added marker 429/3056
Added marker 430/3056
Added marker 431/3056
Added marker 432/3056
Added marker 433/3056
Added marker 434/3056
Added marker 435/3056
Added marker 436/3056
Added marker 437/3056
Added marker 438/3056
Added marker 439/3056
Added marker 440/3056
Added marker 441/3056
Added marker 442/3056
Added marker 443/3056
Added marker 444/3056
Added marker 445/3056
Added marker 446/3056
Added marker 447/3056
Added marker 448/3056
Added marker 449/3056
Added marker 450/3056
Added marker 451/3056
Added marker 452/3056
Added marker 453/3056
Added marker 454/3056
Added marker 455/3056
Added marker 456/3056
Added marker 457/3056
Added marker 458/3056
Added marker 459/3056
Added marker 460/3056
Added marker 461/3056
Added marker 462/3056
Added marker 463/3056
Added marker 464/3056
Added marker 465/3056
Added marker 466/3056
Added marker 467/3056
Added marker 468/3056
Added marker 469/3056
Added marker 470/3056
Added marker 471/3056
Added marker 472/3056
Added marker 473/3056
Added marker 474/3056
Added marker 475/3056
Added marker 476/3056
Added marker 477/3056
Added marker 478/3056
Added marker 479/3056
Added marker 480/3056
Added marker 481/3056
Added marker 482/3056
Added marker 483/3056
Added marker 484/3056
Added marker 485/3056
Added marker 486/3056
Added marker 487/3056
Added marker 488/3056
Added marker 489/3056
Added marker 490/3056
Added marker 491/3056
Added marker 492/3056
Added marker 493/3056
Added marker 494/3056
Added marker 495/3056
Added marker 496/3056
Added marker 497/3056
Added marker 498/3056
Added marker 499/3056
Added marker 500/3056
Added marker 501/3056
Added marker 502/3056
Added marker 503/3056
Added marker 504/3056
Added marker 505/3056
Added marker 506/3056
Added marker 507/3056
Added marker 508/3056
Added marker 509/3056
Added marker 510/3056
Added marker 511/3056
Added marker 512/3056
Added marker 513/3056
Added marker 514/3056
Added marker 515/3056
Added marker 516/3056
Added marker 517/3056
Added marker 518/3056
Added marker 519/3056
Added marker 520/3056
Added marker 521/3056
Added marker 522/3056
Added marker 523/3056
Added marker 524/3056
Added marker 525/3056
Added marker 526/3056
Added marker 527/3056
Added marker 528/3056
Added marker 529/3056
Added marker 530/3056
Added marker 531/3056
Added marker 532/3056
Added marker 533/3056
Added marker 534/3056
Added marker 535/3056
Added marker 536/3056
Added marker 537/3056
Added marker 538/3056
Added marker 539/3056
Added marker 540/3056
Added marker 541/3056
Added marker 542/3056
Added marker 543/3056
Added marker 544/3056
Added marker 545/3056
Added marker 546/3056
Added marker 547/3056
Added marker 548/3056
Added marker 549/3056
Added marker 550/3056
Added marker 551/3056
Added marker 552/3056
Added marker 553/3056
Added marker 554/3056
Added marker 555/3056
Added marker 556/3056
Added marker 557/3056
Added marker 558/3056
Added marker 559/3056
Added marker 560/3056
Added marker 561/3056
Added marker 562/3056
Added marker 563/3056
Added marker 564/3056
Added marker 565/3056
Added marker 566/3056
Added marker 567/3056
Added marker 568/3056
Added marker 569/3056
Added marker 570/3056
Added marker 571/3056
Added marker 572/3056
Added marker 573/3056
Added marker 574/3056
Added marker 575/3056
Added marker 576/3056
Added marker 577/3056
Added marker 578/3056
Added marker 579/3056
Added marker 580/3056
Added marker 581/3056
Added marker 582/3056
Added marker 583/3056
Added marker 584/3056
Added marker 585/3056
Added marker 586/3056
Added marker 587/3056
Added marker 588/3056
Added marker 589/3056
Added marker 590/3056
Added marker 591/3056
Added marker 592/3056
Added marker 593/3056
Added marker 594/3056
Added marker 595/3056
Added marker 596/3056
Added marker 597/3056
Added marker 598/3056
Added marker 599/3056
Added marker 600/3056
Added marker 601/3056
Added marker 602/3056
Added marker 603/3056
Added marker 604/3056
Added marker 605/3056
Added marker 606/3056
Added marker 607/3056
Added marker 608/3056
Added marker 609/3056
Added marker 610/3056
Added marker 611/3056
Added marker 612/3056
Added marker 613/3056
Added marker 614/3056
Added marker 615/3056
Added marker 616/3056
Added marker 617/3056
Added marker 618/3056
Added marker 619/3056
Added marker 620/3056
Added marker 621/3056
Added marker 622/3056
Added marker 623/3056
Added marker 624/3056
Added marker 625/3056
Added marker 626/3056
Added marker 627/3056
Added marker 628/3056
Added marker 629/3056
Added marker 630/3056
Added marker 631/3056
Added marker 632/3056
Added marker 633/3056
Added marker 634/3056
Added marker 635/3056
Added marker 636/3056
Added marker 637/3056
Added marker 638/3056
Added marker 639/3056
Added marker 640/3056
Added marker 641/3056
Added marker 642/3056
Added marker 643/3056
Added marker 644/3056
Added marker 645/3056
Added marker 646/3056
Added marker 647/3056
Added marker 648/3056
Added marker 649/3056
Added marker 650/3056
Added marker 651/3056
Added marker 652/3056
Added marker 653/3056
Added marker 654/3056
Added marker 655/3056
Added marker 656/3056
Added marker 657/3056
Added marker 658/3056
Added marker 659/3056
Added marker 660/3056
Added marker 661/3056
Added marker 662/3056
Added marker 663/3056
Added marker 664/3056
Added marker 665/3056
Added marker 666/3056
Added marker 667/3056
Added marker 668/3056
Added marker 669/3056
Added marker 670/3056
Added marker 671/3056
Added marker 672/3056
Added marker 673/3056
Added marker 674/3056
Added marker 675/3056
Added marker 676/3056
Added marker 677/3056
Added marker 678/3056
Added marker 679/3056
Added marker 680/3056
Added marker 681/3056
Added marker 682/3056
Added marker 683/3056
Added marker 684/3056
Added marker 685/3056
Added marker 686/3056
Added marker 687/3056
Added marker 688/3056
Added marker 689/3056
Added marker 690/3056
Added marker 691/3056
Added marker 692/3056
Added marker 693/3056
Added marker 694/3056
Added marker 695/3056
Added marker 696/3056
Added marker 697/3056
Added marker 698/3056
Added marker 699/3056
Added marker 700/3056
Added marker 701/3056
Added marker 702/3056
Added marker 703/3056
Added marker 704/3056
Added marker 705/3056
Added marker 706/3056
Added marker 707/3056
Added marker 708/3056
Added marker 709/3056
Added marker 710/3056
Added marker 711/3056
Added marker 712/3056
Added marker 713/3056
Added marker 714/3056
Added marker 715/3056
Added marker 716/3056
Added marker 717/3056
Added marker 718/3056
Added marker 719/3056
Added marker 720/3056
Added marker 721/3056
Added marker 722/3056
Added marker 723/3056
Added marker 724/3056
Added marker 725/3056
Added marker 726/3056
Added marker 727/3056
Added marker 728/3056
Added marker 729/3056
Added marker 730/3056
Added marker 731/3056
Added marker 732/3056
Added marker 733/3056
Added marker 734/3056
Added marker 735/3056
Added marker 736/3056
Added marker 737/3056
Added marker 738/3056
Added marker 739/3056
Added marker 740/3056
Added marker 741/3056
Added marker 742/3056
Added marker 743/3056
Added marker 744/3056
Added marker 745/3056
Added marker 746/3056
Added marker 747/3056
Added marker 748/3056
Added marker 749/3056
Added marker 750/3056
Added marker 751/3056
Added marker 752/3056
Added marker 753/3056
Added marker 754/3056
Added marker 755/3056
Added marker 756/3056
Added marker 757/3056
Added marker 758/3056
Added marker 759/3056
Added marker 760/3056
Added marker 761/3056
Added marker 762/3056
Added marker 763/3056
Added marker 764/3056
Added marker 765/3056
Added marker 766/3056
Added marker 767/3056
Added marker 768/3056
Added marker 769/3056
Added marker 770/3056
Added marker 771/3056
Added marker 772/3056
Added marker 773/3056
Added marker 774/3056
Added marker 775/3056
Added marker 776/3056
Added marker 777/3056
Added marker 778/3056
Added marker 779/3056
Added marker 780/3056
Added marker 781/3056
Added marker 782/3056
Added marker 783/3056
Added marker 784/3056
Added marker 785/3056
Added marker 786/3056
Added marker 787/3056
Added marker 788/3056
Added marker 789/3056
Added marker 790/3056
Added marker 791/3056
Added marker 792/3056
Added marker 793/3056
Added marker 794/3056
Added marker 795/3056
Added marker 796/3056
Added marker 797/3056
Added marker 798/3056
Added marker 799/3056
Added marker 800/3056
Added marker 801/3056
Added marker 802/3056
Added marker 803/3056
Added marker 804/3056
Added marker 805/3056
Added marker 806/3056
Added marker 807/3056
Added marker 808/3056
Added marker 809/3056
Added marker 810/3056
Added marker 811/3056
Added marker 812/3056
Added marker 813/3056
Added marker 814/3056
Added marker 815/3056
Added marker 816/3056
Added marker 817/3056
Added marker 818/3056
Added marker 819/3056
Added marker 820/3056
Added marker 821/3056
Added marker 822/3056
Added marker 823/3056
Added marker 824/3056
Added marker 825/3056
Added marker 826/3056
Added marker 827/3056
Added marker 828/3056
Added marker 829/3056
Added marker 830/3056
Added marker 831/3056
Added marker 832/3056
Added marker 833/3056
Added marker 834/3056
Added marker 835/3056
Added marker 836/3056
Added marker 837/3056
Added marker 838/3056
Added marker 839/3056
Added marker 840/3056
Added marker 841/3056
Added marker 842/3056
Added marker 843/3056
Added marker 844/3056
Added marker 845/3056
Added marker 846/3056
Added marker 847/3056
Added marker 848/3056
Added marker 849/3056
Added marker 850/3056
Added marker 851/3056
Added marker 852/3056
Added marker 853/3056
Added marker 854/3056
Added marker 855/3056
Added marker 856/3056
Added marker 857/3056
Added marker 858/3056
Added marker 859/3056
Added marker 860/3056
Added marker 861/3056
Added marker 862/3056
Added marker 863/3056
Added marker 864/3056
Added marker 865/3056
Added marker 866/3056
Added marker 867/3056
Added marker 868/3056
Added marker 869/3056
Added marker 870/3056
Added marker 871/3056
Added marker 872/3056
Added marker 873/3056
Added marker 874/3056
Added marker 875/3056
Added marker 876/3056
Added marker 877/3056
Added marker 878/3056
Added marker 879/3056
Added marker 880/3056
Added marker 881/3056
Added marker 882/3056
Added marker 883/3056
Added marker 884/3056
Added marker 885/3056
Added marker 886/3056
Added marker 887/3056
Added marker 888/3056
Added marker 889/3056
Added marker 890/3056
Added marker 891/3056
Added marker 892/3056
Added marker 893/3056
Added marker 894/3056
Added marker 895/3056
Added marker 896/3056
Added marker 897/3056
Added marker 898/3056
Added marker 899/3056
Added marker 900/3056
Added marker 901/3056
Added marker 902/3056
Added marker 903/3056
Added marker 904/3056
Added marker 905/3056
Added marker 906/3056
Added marker 907/3056
Added marker 908/3056
Added marker 909/3056
Added marker 910/3056
Added marker 911/3056
Added marker 912/3056
Added marker 913/3056
Added marker 914/3056
Added marker 915/3056
Added marker 916/3056
Added marker 917/3056
Added marker 918/3056
Added marker 919/3056
Added marker 920/3056
Added marker 921/3056
Added marker 922/3056
Added marker 923/3056
Added marker 924/3056
Added marker 925/3056
Added marker 926/3056
Added marker 927/3056
Added marker 928/3056
Added marker 929/3056
Added marker 930/3056
Added marker 931/3056
Added marker 932/3056
Added marker 933/3056
Added marker 934/3056
Added marker 935/3056
Added marker 936/3056
Added marker 937/3056
Added marker 938/3056
Added marker 939/3056
Added marker 940/3056
Added marker 941/3056
Added marker 942/3056
Added marker 943/3056
Added marker 944/3056
Added marker 945/3056
Added marker 946/3056
Added marker 947/3056
Added marker 948/3056
Added marker 949/3056
Added marker 950/3056
Added marker 951/3056
Added marker 952/3056
Added marker 953/3056
Added marker 954/3056
Added marker 955/3056
Added marker 956/3056
Added marker 957/3056
Added marker 958/3056
Added marker 959/3056
Added marker 960/3056
Added marker 961/3056
Added marker 962/3056
Added marker 963/3056
Added marker 964/3056
Added marker 965/3056
Added marker 966/3056
Added marker 967/3056
Added marker 968/3056
Added marker 969/3056
Added marker 970/3056
Added marker 971/3056
Added marker 972/3056
Added marker 973/3056
Added marker 974/3056
Added marker 975/3056
Added marker 976/3056
Added marker 977/3056
Added marker 978/3056
Added marker 979/3056
Added marker 980/3056
Added marker 981/3056
Added marker 982/3056
Added marker 983/3056
Added marker 984/3056
Added marker 985/3056
Added marker 986/3056
Added marker 987/3056
Added marker 988/3056
Added marker 989/3056
Added marker 990/3056
Added marker 991/3056
Added marker 992/3056
Added marker 993/3056
Added marker 994/3056
Added marker 995/3056
Added marker 996/3056
Added marker 997/3056
Added marker 998/3056
Added marker 999/3056
Added marker 1000/3056
Added marker 1001/3056
Added marker 1002/3056
Added marker 1003/3056
Added marker 1004/3056
Added marker 1005/3056
Added marker 1006/3056
Added marker 1007/3056
Added marker 1008/3056
Added marker 1009/3056
Added marker 1010/3056
Added marker 1011/3056
Added marker 1012/3056
Added marker 1013/3056
Added marker 1014/3056
Added marker 1015/3056
Added marker 1016/3056
Added marker 1017/3056
Added marker 1018/3056
Added marker 1019/3056
Added marker 1020/3056
Added marker 1021/3056
Added marker 1022/3056
Added marker 1023/3056
Added marker 1024/3056
Added marker 1025/3056
Added marker 1026/3056
Added marker 1027/3056
Added marker 1028/3056
Added marker 1029/3056
Added marker 1030/3056
Added marker 1031/3056
Added marker 1032/3056
Added marker 1033/3056
Added marker 1034/3056
Added marker 1035/3056
Added marker 1036/3056
Added marker 1037/3056
Added marker 1038/3056
Added marker 1039/3056
Added marker 1040/3056
Added marker 1041/3056
Added marker 1042/3056
Added marker 1043/3056
Added marker 1044/3056
Added marker 1045/3056
Added marker 1046/3056
Added marker 1047/3056
Added marker 1048/3056
Added marker 1049/3056
Added marker 1050/3056
Added marker 1051/3056
Added marker 1052/3056
Added marker 1053/3056
Added marker 1054/3056
Added marker 1055/3056
Added marker 1056/3056
Added marker 1057/3056
Added marker 1058/3056
Added marker 1059/3056
Added marker 1060/3056
Added marker 1061/3056
Added marker 1062/3056
Added marker 1063/3056
Added marker 1064/3056
Added marker 1065/3056
Added marker 1066/3056
Added marker 1067/3056
Added marker 1068/3056
Added marker 1069/3056
Added marker 1070/3056
Added marker 1071/3056
Added marker 1072/3056
Added marker 1073/3056
Added marker 1074/3056
Added marker 1075/3056
Added marker 1076/3056
Added marker 1077/3056
Added marker 1078/3056
Added marker 1079/3056
Added marker 1080/3056
Added marker 1081/3056
Added marker 1082/3056
Added marker 1083/3056
Added marker 1084/3056
Added marker 1085/3056
Added marker 1086/3056
Added marker 1087/3056
Added marker 1088/3056
Added marker 1089/3056
Added marker 1090/3056
Added marker 1091/3056
Added marker 1092/3056
Added marker 1093/3056
Added marker 1094/3056
Added marker 1095/3056
Added marker 1096/3056
Added marker 1097/3056
Added marker 1098/3056
Added marker 1099/3056
Added marker 1100/3056
Added marker 1101/3056
Added marker 1102/3056
Added marker 1103/3056
Added marker 1104/3056
Added marker 1105/3056
Added marker 1106/3056
Added marker 1107/3056
Added marker 1108/3056
Added marker 1109/3056
Added marker 1110/3056
Added marker 1111/3056
Added marker 1112/3056
Added marker 1113/3056
Added marker 1114/3056
Added marker 1115/3056
Added marker 1116/3056
Added marker 1117/3056
Added marker 1118/3056
Added marker 1119/3056
Added marker 1120/3056
Added marker 1121/3056
Added marker 1122/3056
Added marker 1123/3056
Added marker 1124/3056
Added marker 1125/3056
Added marker 1126/3056
Added marker 1127/3056
Added marker 1128/3056
Added marker 1129/3056
Added marker 1130/3056
Added marker 1131/3056
Added marker 1132/3056
Added marker 1133/3056
Added marker 1134/3056
Added marker 1135/3056
Added marker 1136/3056
Added marker 1137/3056
Added marker 1138/3056
Added marker 1139/3056
Added marker 1140/3056
Added marker 1141/3056
Added marker 1142/3056
Added marker 1143/3056
Added marker 1144/3056
Added marker 1145/3056
Added marker 1146/3056
Added marker 1147/3056
Added marker 1148/3056
Added marker 1149/3056
Added marker 1150/3056
Added marker 1151/3056
Added marker 1152/3056
Added marker 1153/3056
Added marker 1154/3056
Added marker 1155/3056
Added marker 1156/3056
Added marker 1157/3056
Added marker 1158/3056
Added marker 1159/3056
Added marker 1160/3056
Added marker 1161/3056
Added marker 1162/3056
Added marker 1163/3056
Added marker 1164/3056
Added marker 1165/3056
Added marker 1166/3056
Added marker 1167/3056
Added marker 1168/3056
Added marker 1169/3056
Added marker 1170/3056
Added marker 1171/3056
Added marker 1172/3056
Added marker 1173/3056
Added marker 1174/3056
Added marker 1175/3056
Added marker 1176/3056
Added marker 1177/3056
Added marker 1178/3056
Added marker 1179/3056
Added marker 1180/3056
Added marker 1181/3056
Added marker 1182/3056
Added marker 1183/3056
Added marker 1184/3056
Added marker 1185/3056
Added marker 1186/3056
Added marker 1187/3056
Added marker 1188/3056
Added marker 1189/3056
Added marker 1190/3056
Added marker 1191/3056
Added marker 1192/3056
Added marker 1193/3056
Added marker 1194/3056
Added marker 1195/3056
Added marker 1196/3056
Added marker 1197/3056
Added marker 1198/3056
Added marker 1199/3056
Added marker 1200/3056
Added marker 1201/3056
Added marker 1202/3056
Added marker 1203/3056
Added marker 1204/3056
Added marker 1205/3056
Added marker 1206/3056
Added marker 1207/3056
Added marker 1208/3056
Added marker 1209/3056
Added marker 1210/3056
Added marker 1211/3056
Added marker 1212/3056
Added marker 1213/3056
Added marker 1214/3056
Added marker 1215/3056
Added marker 1216/3056
Added marker 1217/3056
Added marker 1218/3056
Added marker 1219/3056
Added marker 1220/3056
Added marker 1221/3056
Added marker 1222/3056
Added marker 1223/3056
Added marker 1224/3056
Added marker 1225/3056
Added marker 1226/3056
Added marker 1227/3056
Added marker 1228/3056
Added marker 1229/3056
Added marker 1230/3056
Added marker 1231/3056
Added marker 1232/3056
Added marker 1233/3056
Added marker 1234/3056
Added marker 1235/3056
Added marker 1236/3056
Added marker 1237/3056
Added marker 1238/3056
Added marker 1239/3056
Added marker 1240/3056
Added marker 1241/3056
Added marker 1242/3056
Added marker 1243/3056
Added marker 1244/3056
Added marker 1245/3056
Added marker 1246/3056
Added marker 1247/3056
Added marker 1248/3056
Added marker 1249/3056
Added marker 1250/3056
Added marker 1251/3056
Added marker 1252/3056
Added marker 1253/3056
Added marker 1254/3056
Added marker 1255/3056
Added marker 1256/3056
Added marker 1257/3056
Added marker 1258/3056
Added marker 1259/3056
Added marker 1260/3056
Added marker 1261/3056
Added marker 1262/3056
Added marker 1263/3056
Added marker 1264/3056
Added marker 1265/3056
Added marker 1266/3056
Added marker 1267/3056
Added marker 1268/3056
Added marker 1269/3056
Added marker 1270/3056
Added marker 1271/3056
Added marker 1272/3056
Added marker 1273/3056
Added marker 1274/3056
Added marker 1275/3056
Added marker 1276/3056
Added marker 1277/3056
Added marker 1278/3056
Added marker 1279/3056
Added marker 1280/3056
Added marker 1281/3056
Added marker 1282/3056
Added marker 1283/3056
Added marker 1284/3056
Added marker 1285/3056
Added marker 1286/3056
Added marker 1287/3056
Added marker 1288/3056
Added marker 1289/3056
Added marker 1290/3056
Added marker 1291/3056
Added marker 1292/3056
Added marker 1293/3056
Added marker 1294/3056
Added marker 1295/3056
Added marker 1296/3056
Added marker 1297/3056
Added marker 1298/3056
Added marker 1299/3056
Added marker 1300/3056
Added marker 1301/3056
Added marker 1302/3056
Added marker 1303/3056
Added marker 1304/3056
Added marker 1305/3056
Added marker 1306/3056
Added marker 1307/3056
Added marker 1308/3056
Added marker 1309/3056
Added marker 1310/3056
Added marker 1311/3056
Added marker 1312/3056
Added marker 1313/3056
Added marker 1314/3056
Added marker 1315/3056
Added marker 1316/3056
Added marker 1317/3056
Added marker 1318/3056
Added marker 1319/3056
Added marker 1320/3056
Added marker 1321/3056
Added marker 1322/3056
Added marker 1323/3056
Added marker 1324/3056
Added marker 1325/3056
Added marker 1326/3056
Added marker 1327/3056
Added marker 1328/3056
Added marker 1329/3056
Added marker 1330/3056
Added marker 1331/3056
Added marker 1332/3056
Added marker 1333/3056
Added marker 1334/3056
Added marker 1335/3056
Added marker 1336/3056
Added marker 1337/3056
Added marker 1338/3056
Added marker 1339/3056
Added marker 1340/3056
Added marker 1341/3056
Added marker 1342/3056
Added marker 1343/3056
Added marker 1344/3056
Added marker 1345/3056
Added marker 1346/3056
Added marker 1347/3056
Added marker 1348/3056
Added marker 1349/3056
Added marker 1350/3056
Added marker 1351/3056
Added marker 1352/3056
Added marker 1353/3056
Added marker 1354/3056
Added marker 1355/3056
Added marker 1356/3056
Added marker 1357/3056
Added marker 1358/3056
Added marker 1359/3056
Added marker 1360/3056
Added marker 1361/3056
Added marker 1362/3056
Added marker 1363/3056
Added marker 1364/3056
Added marker 1365/3056
Added marker 1366/3056
Added marker 1367/3056
Added marker 1368/3056
Added marker 1369/3056
Added marker 1370/3056
Added marker 1371/3056
Added marker 1372/3056
Added marker 1373/3056
Added marker 1374/3056
Added marker 1375/3056
Added marker 1376/3056
Added marker 1377/3056
Added marker 1378/3056
Added marker 1379/3056
Added marker 1380/3056
Added marker 1381/3056
Added marker 1382/3056
Added marker 1383/3056
Added marker 1384/3056
Added marker 1385/3056
Added marker 1386/3056
Added marker 1387/3056
Added marker 1388/3056
Added marker 1389/3056
Added marker 1390/3056
Added marker 1391/3056
Added marker 1392/3056
Added marker 1393/3056
Added marker 1394/3056
Added marker 1395/3056
Added marker 1396/3056
Added marker 1397/3056
Added marker 1398/3056
Added marker 1399/3056
Added marker 1400/3056
Added marker 1401/3056
Added marker 1402/3056
Added marker 1403/3056
Added marker 1404/3056
Added marker 1405/3056
Added marker 1406/3056
Added marker 1407/3056
Added marker 1408/3056
Added marker 1409/3056
Added marker 1410/3056
Added marker 1411/3056
Added marker 1412/3056
Added marker 1413/3056
Added marker 1414/3056
Added marker 1415/3056
Added marker 1416/3056
Added marker 1417/3056
Added marker 1418/3056
Added marker 1419/3056
Added marker 1420/3056
Added marker 1421/3056
Added marker 1422/3056
Added marker 1423/3056
Added marker 1424/3056
Added marker 1425/3056
Added marker 1426/3056
Added marker 1427/3056
Added marker 1428/3056
Added marker 1429/3056
Added marker 1430/3056
Added marker 1431/3056
Added marker 1432/3056
Added marker 1433/3056
Added marker 1434/3056
Added marker 1435/3056
Added marker 1436/3056
Added marker 1437/3056
Added marker 1438/3056
Added marker 1439/3056
Added marker 1440/3056
Added marker 1441/3056
Added marker 1442/3056
Added marker 1443/3056
Added marker 1444/3056
Added marker 1445/3056
Added marker 1446/3056
Added marker 1447/3056
Added marker 1448/3056
Added marker 1449/3056
Added marker 1450/3056
Added marker 1451/3056
Added marker 1452/3056
Added marker 1453/3056
Added marker 1454/3056
Added marker 1455/3056
Added marker 1456/3056
Added marker 1457/3056
Added marker 1458/3056
Added marker 1459/3056
Added marker 1460/3056
Added marker 1461/3056
Added marker 1462/3056
Added marker 1463/3056
Added marker 1464/3056
Added marker 1465/3056
Added marker 1466/3056
Added marker 1467/3056
Added marker 1468/3056
Added marker 1469/3056
Added marker 1470/3056
Added marker 1471/3056
Added marker 1472/3056
Added marker 1473/3056
Added marker 1474/3056
Added marker 1475/3056
Added marker 1476/3056
Added marker 1477/3056
Added marker 1478/3056
Added marker 1479/3056
Added marker 1480/3056
Added marker 1481/3056
Added marker 1482/3056
Added marker 1483/3056
Added marker 1484/3056
Added marker 1485/3056
Added marker 1486/3056
Added marker 1487/3056
Added marker 1488/3056
Added marker 1489/3056
Added marker 1490/3056
Added marker 1491/3056
Added marker 1492/3056
Added marker 1493/3056
Added marker 1494/3056
Added marker 1495/3056
Added marker 1496/3056
Added marker 1497/3056
Added marker 1498/3056
Added marker 1499/3056
Added marker 1500/3056
Added marker 1501/3056
Added marker 1502/3056
Added marker 1503/3056
Added marker 1504/3056
Added marker 1505/3056
Added marker 1506/3056
Added marker 1507/3056
Added marker 1508/3056
Added marker 1509/3056
Added marker 1510/3056
Added marker 1511/3056
Added marker 1512/3056
Added marker 1513/3056
Added marker 1514/3056
Added marker 1515/3056
Added marker 1516/3056
Added marker 1517/3056
Added marker 1518/3056
Added marker 1519/3056
Added marker 1520/3056
Added marker 1521/3056
Added marker 1522/3056
Added marker 1523/3056
Added marker 1524/3056
Added marker 1525/3056
Added marker 1526/3056
Added marker 1527/3056
Added marker 1528/3056
Added marker 1529/3056
Added marker 1530/3056
Added marker 1531/3056
Added marker 1532/3056
Added marker 1533/3056
Added marker 1534/3056
Added marker 1535/3056
Added marker 1536/3056
Added marker 1537/3056
Added marker 1538/3056
Added marker 1539/3056
Added marker 1540/3056
Added marker 1541/3056
Added marker 1542/3056
Added marker 1543/3056
Added marker 1544/3056
Added marker 1545/3056
Added marker 1546/3056
Added marker 1547/3056
Added marker 1548/3056
Added marker 1549/3056
Added marker 1550/3056
Added marker 1551/3056
Added marker 1552/3056
Added marker 1553/3056
Added marker 1554/3056
Added marker 1555/3056
Added marker 1556/3056
Added marker 1557/3056
Added marker 1558/3056
Added marker 1559/3056
Added marker 1560/3056
Added marker 1561/3056
Added marker 1562/3056
Added marker 1563/3056
Added marker 1564/3056
Added marker 1565/3056
Added marker 1566/3056
Added marker 1567/3056
Added marker 1568/3056
Added marker 1569/3056
Added marker 1570/3056
Added marker 1571/3056
Added marker 1572/3056
Added marker 1573/3056
Added marker 1574/3056
Added marker 1575/3056
Added marker 1576/3056
Added marker 1577/3056
Added marker 1578/3056
Added marker 1579/3056
Added marker 1580/3056
Added marker 1581/3056
Added marker 1582/3056
Added marker 1583/3056
Added marker 1584/3056
Added marker 1585/3056
Added marker 1586/3056
Added marker 1587/3056
Added marker 1588/3056
Added marker 1589/3056
Added marker 1590/3056
Added marker 1591/3056
Added marker 1592/3056
Added marker 1593/3056
Added marker 1594/3056
Added marker 1595/3056
Added marker 1596/3056
Added marker 1597/3056
Added marker 1598/3056
Added marker 1599/3056
Added marker 1600/3056
Added marker 1601/3056
Added marker 1602/3056
Added marker 1603/3056
Added marker 1604/3056
Added marker 1605/3056
Added marker 1606/3056
Added marker 1607/3056
Added marker 1608/3056
Added marker 1609/3056
Added marker 1610/3056
Added marker 1611/3056
Added marker 1612/3056
Added marker 1613/3056
Added marker 1614/3056
Added marker 1615/3056
Added marker 1616/3056
Added marker 1617/3056
Added marker 1618/3056
Added marker 1619/3056
Added marker 1620/3056
Added marker 1621/3056
Added marker 1622/3056
Added marker 1623/3056
Added marker 1624/3056
Added marker 1625/3056
Added marker 1626/3056
Added marker 1627/3056
Added marker 1628/3056
Added marker 1629/3056
Added marker 1630/3056
Added marker 1631/3056
Added marker 1632/3056
Added marker 1633/3056
Added marker 1634/3056
Added marker 1635/3056
Added marker 1636/3056
Added marker 1637/3056
Added marker 1638/3056
Added marker 1639/3056
Added marker 1640/3056
Added marker 1641/3056
Added marker 1642/3056
Added marker 1643/3056
Added marker 1644/3056
Added marker 1645/3056
Added marker 1646/3056
Added marker 1647/3056
Added marker 1648/3056
Added marker 1649/3056
Added marker 1650/3056
Added marker 1651/3056
Added marker 1652/3056
Added marker 1653/3056
Added marker 1654/3056
Added marker 1655/3056
Added marker 1656/3056
Added marker 1657/3056
Added marker 1658/3056
Added marker 1659/3056
Added marker 1660/3056
Added marker 1661/3056
Added marker 1662/3056
Added marker 1663/3056
Added marker 1664/3056
Added marker 1665/3056
Added marker 1666/3056
Added marker 1667/3056
Added marker 1668/3056
Added marker 1669/3056
Added marker 1670/3056
Added marker 1671/3056
Added marker 1672/3056
Added marker 1673/3056
Added marker 1674/3056
Added marker 1675/3056
Added marker 1676/3056
Added marker 1677/3056
Added marker 1678/3056
Added marker 1679/3056
Added marker 1680/3056
Added marker 1681/3056
Added marker 1682/3056
Added marker 1683/3056
Added marker 1684/3056
Added marker 1685/3056
Added marker 1686/3056
Added marker 1687/3056
Added marker 1688/3056
Added marker 1689/3056
Added marker 1690/3056
Added marker 1691/3056
Added marker 1692/3056
Added marker 1693/3056
Added marker 1694/3056
Added marker 1695/3056
Added marker 1696/3056
Added marker 1697/3056
Added marker 1698/3056
Added marker 1699/3056
Added marker 1700/3056
Added marker 1701/3056
Added marker 1702/3056
Added marker 1703/3056
Added marker 1704/3056
Added marker 1705/3056
Added marker 1706/3056
Added marker 1707/3056
Added marker 1708/3056
Added marker 1709/3056
Added marker 1710/3056
Added marker 1711/3056
Added marker 1712/3056
Added marker 1713/3056
Added marker 1714/3056
Added marker 1715/3056
Added marker 1716/3056
Added marker 1717/3056
Added marker 1718/3056
Added marker 1719/3056
Added marker 1720/3056
Added marker 1721/3056
Added marker 1722/3056
Added marker 1723/3056
Added marker 1724/3056
Added marker 1725/3056
Added marker 1726/3056
Added marker 1727/3056
Added marker 1728/3056
Added marker 1729/3056
Added marker 1730/3056
Added marker 1731/3056
Added marker 1732/3056
Added marker 1733/3056
Added marker 1734/3056
Added marker 1735/3056
Added marker 1736/3056
Added marker 1737/3056
Added marker 1738/3056
Added marker 1739/3056
Added marker 1740/3056
Added marker 1741/3056
Added marker 1742/3056
Added marker 1743/3056
Added marker 1744/3056
Added marker 1745/3056
Added marker 1746/3056
Added marker 1747/3056
Added marker 1748/3056
Added marker 1749/3056
Added marker 1750/3056
Added marker 1751/3056
Added marker 1752/3056
Added marker 1753/3056
Added marker 1754/3056
Added marker 1755/3056
Added marker 1756/3056
Added marker 1757/3056
Added marker 1758/3056
Added marker 1759/3056
Added marker 1760/3056
Added marker 1761/3056
Added marker 1762/3056
Added marker 1763/3056
Added marker 1764/3056
Added marker 1765/3056
Added marker 1766/3056
Added marker 1767/3056
Added marker 1768/3056
Added marker 1769/3056
Added marker 1770/3056
Added marker 1771/3056
Added marker 1772/3056
Added marker 1773/3056
Added marker 1774/3056
Added marker 1775/3056
Added marker 1776/3056
Added marker 1777/3056
Added marker 1778/3056
Added marker 1779/3056
Added marker 1780/3056
Added marker 1781/3056
Added marker 1782/3056
Added marker 1783/3056
Added marker 1784/3056
Added marker 1785/3056
Added marker 1786/3056
Added marker 1787/3056
Added marker 1788/3056
Added marker 1789/3056
Added marker 1790/3056
Added marker 1791/3056
Added marker 1792/3056
Added marker 1793/3056
Added marker 1794/3056
Added marker 1795/3056
Added marker 1796/3056
Added marker 1797/3056
Added marker 1798/3056
Added marker 1799/3056
Added marker 1800/3056
Added marker 1801/3056
Added marker 1802/3056
Added marker 1803/3056
Added marker 1804/3056
Added marker 1805/3056
Added marker 1806/3056
Added marker 1807/3056
Added marker 1808/3056
Added marker 1809/3056
Added marker 1810/3056
Added marker 1811/3056
Added marker 1812/3056
Added marker 1813/3056
Added marker 1814/3056
Added marker 1815/3056
Added marker 1816/3056
Added marker 1817/3056
Added marker 1818/3056
Added marker 1819/3056
Added marker 1820/3056
Added marker 1821/3056
Added marker 1822/3056
Added marker 1823/3056
Added marker 1824/3056
Added marker 1825/3056
Added marker 1826/3056
Added marker 1827/3056
Added marker 1828/3056
Added marker 1829/3056
Added marker 1830/3056
Added marker 1831/3056
Added marker 1832/3056
Added marker 1833/3056
Added marker 1834/3056
Added marker 1835/3056
Added marker 1836/3056
Added marker 1837/3056
Added marker 1838/3056
Added marker 1839/3056
Added marker 1840/3056
Added marker 1841/3056
Added marker 1842/3056
Added marker 1843/3056
Added marker 1844/3056
Added marker 1845/3056
Added marker 1846/3056
Added marker 1847/3056
Added marker 1848/3056
Added marker 1849/3056
Added marker 1850/3056
Added marker 1851/3056
Added marker 1852/3056
Added marker 1853/3056
Added marker 1854/3056
Added marker 1855/3056
Added marker 1856/3056
Added marker 1857/3056
Added marker 1858/3056
Added marker 1859/3056
Added marker 1860/3056
Added marker 1861/3056
Added marker 1862/3056
Added marker 1863/3056
Added marker 1864/3056
Added marker 1865/3056
Added marker 1866/3056
Added marker 1867/3056
Added marker 1868/3056
Added marker 1869/3056
Added marker 1870/3056
Added marker 1871/3056
Added marker 1872/3056
Added marker 1873/3056
Added marker 1874/3056
Added marker 1875/3056
Added marker 1876/3056
Added marker 1877/3056
Added marker 1878/3056
Added marker 1879/3056
Added marker 1880/3056
Added marker 1881/3056
Added marker 1882/3056
Added marker 1883/3056
Added marker 1884/3056
Added marker 1885/3056
Added marker 1886/3056
Added marker 1887/3056
Added marker 1888/3056
Added marker 1889/3056
Added marker 1890/3056
Added marker 1891/3056
Added marker 1892/3056
Added marker 1893/3056
Added marker 1894/3056
Added marker 1895/3056
Added marker 1896/3056
Added marker 1897/3056
Added marker 1898/3056
Added marker 1899/3056
Added marker 1900/3056
Added marker 1901/3056
Added marker 1902/3056
Added marker 1903/3056
Added marker 1904/3056
Added marker 1905/3056
Added marker 1906/3056
Added marker 1907/3056
Added marker 1908/3056
Added marker 1909/3056
Added marker 1910/3056
Added marker 1911/3056
Added marker 1912/3056
Added marker 1913/3056
Added marker 1914/3056
Added marker 1915/3056
Added marker 1916/3056
Added marker 1917/3056
Added marker 1918/3056
Added marker 1919/3056
Added marker 1920/3056
Added marker 1921/3056
Added marker 1922/3056
Added marker 1923/3056
Added marker 1924/3056
Added marker 1925/3056
Added marker 1926/3056
Added marker 1927/3056
Added marker 1928/3056
Added marker 1929/3056
Added marker 1930/3056
Added marker 1931/3056
Added marker 1932/3056
Added marker 1933/3056
Added marker 1934/3056
Added marker 1935/3056
Added marker 1936/3056
Added marker 1937/3056
Added marker 1938/3056
Added marker 1939/3056
Added marker 1940/3056
Added marker 1941/3056
Added marker 1942/3056
Added marker 1943/3056
Added marker 1944/3056
Added marker 1945/3056
Added marker 1946/3056
Added marker 1947/3056
Added marker 1948/3056
Added marker 1949/3056
Added marker 1950/3056
Added marker 1951/3056
Added marker 1952/3056
Added marker 1953/3056
Added marker 1954/3056
Added marker 1955/3056
Added marker 1956/3056
Added marker 1957/3056
Added marker 1958/3056
Added marker 1959/3056
Added marker 1960/3056
Added marker 1961/3056
Added marker 1962/3056
Added marker 1963/3056
Added marker 1964/3056
Added marker 1965/3056
Added marker 1966/3056
Added marker 1967/3056
Added marker 1968/3056
Added marker 1969/3056
Added marker 1970/3056
Added marker 1971/3056
Added marker 1972/3056
Added marker 1973/3056
Added marker 1974/3056
Added marker 1975/3056
Added marker 1976/3056
Added marker 1977/3056
Added marker 1978/3056
Added marker 1979/3056
Added marker 1980/3056
Added marker 1981/3056
Added marker 1982/3056
Added marker 1983/3056
Added marker 1984/3056
Added marker 1985/3056
Added marker 1986/3056
Added marker 1987/3056
Added marker 1988/3056
Added marker 1989/3056
Added marker 1990/3056
Added marker 1991/3056
Added marker 1992/3056
Added marker 1993/3056
Added marker 1994/3056
Added marker 1995/3056
Added marker 1996/3056
Added marker 1997/3056
Added marker 1998/3056
Added marker 1999/3056
Added marker 2000/3056
Added marker 2001/3056
Added marker 2002/3056
Added marker 2003/3056
Added marker 2004/3056
Added marker 2005/3056
Added marker 2006/3056
Added marker 2007/3056
Added marker 2008/3056
Added marker 2009/3056
Added marker 2010/3056
Added marker 2011/3056
Added marker 2012/3056
Added marker 2013/3056
Added marker 2014/3056
Added marker 2015/3056
Added marker 2016/3056
Added marker 2017/3056
Added marker 2018/3056
Added marker 2019/3056
Added marker 2020/3056
Added marker 2021/3056
Added marker 2022/3056
Added marker 2023/3056
Added marker 2024/3056
Added marker 2025/3056
Added marker 2026/3056
Added marker 2027/3056
Added marker 2028/3056
Added marker 2029/3056
Added marker 2030/3056
Added marker 2031/3056
Added marker 2032/3056
Added marker 2033/3056
Added marker 2034/3056
Added marker 2035/3056
Added marker 2036/3056
Added marker 2037/3056
Added marker 2038/3056
Added marker 2039/3056
Added marker 2040/3056
Added marker 2041/3056
Added marker 2042/3056
Added marker 2043/3056
Added marker 2044/3056
Added marker 2045/3056
Added marker 2046/3056
Added marker 2047/3056
Added marker 2048/3056
Added marker 2049/3056
Added marker 2050/3056
Added marker 2051/3056
Added marker 2052/3056
Added marker 2053/3056
Added marker 2054/3056
Added marker 2055/3056
Added marker 2056/3056
Added marker 2057/3056
Added marker 2058/3056
Added marker 2059/3056
Added marker 2060/3056
Added marker 2061/3056
Added marker 2062/3056
Added marker 2063/3056
Added marker 2064/3056
Added marker 2065/3056
Added marker 2066/3056
Added marker 2067/3056
Added marker 2068/3056
Added marker 2069/3056
Added marker 2070/3056
Added marker 2071/3056
Added marker 2072/3056
Added marker 2073/3056
Added marker 2074/3056
Added marker 2075/3056
Added marker 2076/3056
Added marker 2077/3056
Added marker 2078/3056
Added marker 2079/3056
Added marker 2080/3056
Added marker 2081/3056
Added marker 2082/3056
Added marker 2083/3056
Added marker 2084/3056
Added marker 2085/3056
Added marker 2086/3056
Added marker 2087/3056
Added marker 2088/3056
Added marker 2089/3056
Added marker 2090/3056
Added marker 2091/3056
Added marker 2092/3056
Added marker 2093/3056
Added marker 2094/3056
Added marker 2095/3056
Added marker 2096/3056
Added marker 2097/3056
Added marker 2098/3056
Added marker 2099/3056
Added marker 2100/3056
Added marker 2101/3056
Added marker 2102/3056
Added marker 2103/3056
Added marker 2104/3056
Added marker 2105/3056
Added marker 2106/3056
Added marker 2107/3056
Added marker 2108/3056
Added marker 2109/3056
Added marker 2110/3056
Added marker 2111/3056
Added marker 2112/3056
Added marker 2113/3056
Added marker 2114/3056
Added marker 2115/3056
Added marker 2116/3056
Added marker 2117/3056
Added marker 2118/3056
Added marker 2119/3056
Added marker 2120/3056
Added marker 2121/3056
Added marker 2122/3056
Added marker 2123/3056
Added marker 2124/3056
Added marker 2125/3056
Added marker 2126/3056
Added marker 2127/3056
Added marker 2128/3056
Added marker 2129/3056
Added marker 2130/3056
Added marker 2131/3056
Added marker 2132/3056
Added marker 2133/3056
Added marker 2134/3056
Added marker 2135/3056
Added marker 2136/3056
Added marker 2137/3056
Added marker 2138/3056
Added marker 2139/3056
Added marker 2140/3056
Added marker 2141/3056
Added marker 2142/3056
Added marker 2143/3056
Added marker 2144/3056
Added marker 2145/3056
Added marker 2146/3056
Added marker 2147/3056
Added marker 2148/3056
Added marker 2149/3056
Added marker 2150/3056
Added marker 2151/3056
Added marker 2152/3056
Added marker 2153/3056
Added marker 2154/3056
Added marker 2155/3056
Added marker 2156/3056
Added marker 2157/3056
Added marker 2158/3056
Added marker 2159/3056
Added marker 2160/3056
Added marker 2161/3056
Added marker 2162/3056
Added marker 2163/3056
Added marker 2164/3056
Added marker 2165/3056
Added marker 2166/3056
Added marker 2167/3056
Added marker 2168/3056
Added marker 2169/3056
Added marker 2170/3056
Added marker 2171/3056
Added marker 2172/3056
Added marker 2173/3056
Added marker 2174/3056
Added marker 2175/3056
Added marker 2176/3056
Added marker 2177/3056
Added marker 2178/3056
Added marker 2179/3056
Added marker 2180/3056
Added marker 2181/3056
Added marker 2182/3056
Added marker 2183/3056
Added marker 2184/3056
Added marker 2185/3056
Added marker 2186/3056
Added marker 2187/3056
Added marker 2188/3056
Added marker 2189/3056
Added marker 2190/3056
Added marker 2191/3056
Added marker 2192/3056
Added marker 2193/3056
Added marker 2194/3056
Added marker 2195/3056
Added marker 2196/3056
Added marker 2197/3056
Added marker 2198/3056
Added marker 2199/3056
Added marker 2200/3056
Added marker 2201/3056
Added marker 2202/3056
Added marker 2203/3056
Added marker 2204/3056
Added marker 2205/3056
Added marker 2206/3056
Added marker 2207/3056
Added marker 2208/3056
Added marker 2209/3056
Added marker 2210/3056
Added marker 2211/3056
Added marker 2212/3056
Added marker 2213/3056
Added marker 2214/3056
Added marker 2215/3056
Added marker 2216/3056
Added marker 2217/3056
Added marker 2218/3056
Added marker 2219/3056
Added marker 2220/3056
Added marker 2221/3056
Added marker 2222/3056
Added marker 2223/3056
Added marker 2224/3056
Added marker 2225/3056
Added marker 2226/3056
Added marker 2227/3056
Added marker 2228/3056
Added marker 2229/3056
Added marker 2230/3056
Added marker 2231/3056
Added marker 2232/3056
Added marker 2233/3056
Added marker 2234/3056
Added marker 2235/3056
Added marker 2236/3056
Added marker 2237/3056
Added marker 2238/3056
Added marker 2239/3056
Added marker 2240/3056
Added marker 2241/3056
Added marker 2242/3056
Added marker 2243/3056
Added marker 2244/3056
Added marker 2245/3056
Added marker 2246/3056
Added marker 2247/3056
Added marker 2248/3056
Added marker 2249/3056
Added marker 2250/3056
Added marker 2251/3056
Added marker 2252/3056
Added marker 2253/3056
Added marker 2254/3056
Added marker 2255/3056
Added marker 2256/3056
Added marker 2257/3056
Added marker 2258/3056
Added marker 2259/3056
Added marker 2260/3056
Added marker 2261/3056
Added marker 2262/3056
Added marker 2263/3056
Added marker 2264/3056
Added marker 2265/3056
Added marker 2266/3056
Added marker 2267/3056
Added marker 2268/3056
Added marker 2269/3056
Added marker 2270/3056
Added marker 2271/3056
Added marker 2272/3056
Added marker 2273/3056
Added marker 2274/3056
Added marker 2275/3056
Added marker 2276/3056
Added marker 2277/3056
Added marker 2278/3056
Added marker 2279/3056
Added marker 2280/3056
Added marker 2281/3056
Added marker 2282/3056
Added marker 2283/3056
Added marker 2284/3056
Added marker 2285/3056
Added marker 2286/3056
Added marker 2287/3056
Added marker 2288/3056
Added marker 2289/3056
Added marker 2290/3056
Added marker 2291/3056
Added marker 2292/3056
Added marker 2293/3056
Added marker 2294/3056
Added marker 2295/3056
Added marker 2296/3056
Added marker 2297/3056
Added marker 2298/3056
Added marker 2299/3056
Added marker 2300/3056
Added marker 2301/3056
Added marker 2302/3056
Added marker 2303/3056
Added marker 2304/3056
Added marker 2305/3056
Added marker 2306/3056
Added marker 2307/3056
Added marker 2308/3056
Added marker 2309/3056
Added marker 2310/3056
Added marker 2311/3056
Added marker 2312/3056
Added marker 2313/3056
Added marker 2314/3056
Added marker 2315/3056
Added marker 2316/3056
Added marker 2317/3056
Added marker 2318/3056
Added marker 2319/3056
Added marker 2320/3056
Added marker 2321/3056
Added marker 2322/3056
Added marker 2323/3056
Added marker 2324/3056
Added marker 2325/3056
Added marker 2326/3056
Added marker 2327/3056
Added marker 2328/3056
Added marker 2329/3056
Added marker 2330/3056
Added marker 2331/3056
Added marker 2332/3056
Added marker 2333/3056
Added marker 2334/3056
Added marker 2335/3056
Added marker 2336/3056
Added marker 2337/3056
Added marker 2338/3056
Added marker 2339/3056
Added marker 2340/3056
Added marker 2341/3056
Added marker 2342/3056
Added marker 2343/3056
Added marker 2344/3056
Added marker 2345/3056
Added marker 2346/3056
Added marker 2347/3056
Added marker 2348/3056
Added marker 2349/3056
Added marker 2350/3056
Added marker 2351/3056
Added marker 2352/3056
Added marker 2353/3056
Added marker 2354/3056
Added marker 2355/3056
Added marker 2356/3056
Added marker 2357/3056
Added marker 2358/3056
Added marker 2359/3056
Added marker 2360/3056
Added marker 2361/3056
Added marker 2362/3056
Added marker 2363/3056
Added marker 2364/3056
Added marker 2365/3056
Added marker 2366/3056
Added marker 2367/3056
Added marker 2368/3056
Added marker 2369/3056
Added marker 2370/3056
Added marker 2371/3056
Added marker 2372/3056
Added marker 2373/3056
Added marker 2374/3056
Added marker 2375/3056
Added marker 2376/3056
Added marker 2377/3056
Added marker 2378/3056
Added marker 2379/3056
Added marker 2380/3056
Added marker 2381/3056
Added marker 2382/3056
Added marker 2383/3056
Added marker 2384/3056
Added marker 2385/3056
Added marker 2386/3056
Added marker 2387/3056
Added marker 2388/3056
Added marker 2389/3056
Added marker 2390/3056
Added marker 2391/3056
Added marker 2392/3056
Added marker 2393/3056
Added marker 2394/3056
Added marker 2395/3056
Added marker 2396/3056
Added marker 2397/3056
Added marker 2398/3056
Added marker 2399/3056
Added marker 2400/3056
Added marker 2401/3056
Added marker 2402/3056
Added marker 2403/3056
Added marker 2404/3056
Added marker 2405/3056
Added marker 2406/3056
Added marker 2407/3056
Added marker 2408/3056
Added marker 2409/3056
Added marker 2410/3056
Added marker 2411/3056
Added marker 2412/3056
Added marker 2413/3056
Added marker 2414/3056
Added marker 2415/3056
Added marker 2416/3056
Added marker 2417/3056
Added marker 2418/3056
Added marker 2419/3056
Added marker 2420/3056
Added marker 2421/3056
Added marker 2422/3056
Added marker 2423/3056
Added marker 2424/3056
Added marker 2425/3056
Added marker 2426/3056
Added marker 2427/3056
Added marker 2428/3056
Added marker 2429/3056
Added marker 2430/3056
Added marker 2431/3056
Added marker 2432/3056
Added marker 2433/3056
Added marker 2434/3056
Added marker 2435/3056
Added marker 2436/3056
Added marker 2437/3056
Added marker 2438/3056
Added marker 2439/3056
Added marker 2440/3056
Added marker 2441/3056
Added marker 2442/3056
Added marker 2443/3056
Added marker 2444/3056
Added marker 2445/3056
Added marker 2446/3056
Added marker 2447/3056
Added marker 2448/3056
Added marker 2449/3056
Added marker 2450/3056
Added marker 2451/3056
Added marker 2452/3056
Added marker 2453/3056
Added marker 2454/3056
Added marker 2455/3056
Added marker 2456/3056
Added marker 2457/3056
Added marker 2458/3056
Added marker 2459/3056
Added marker 2460/3056
Added marker 2461/3056
Added marker 2462/3056
Added marker 2463/3056
Added marker 2464/3056
Added marker 2465/3056
Added marker 2466/3056
Added marker 2467/3056
Added marker 2468/3056
Added marker 2469/3056
Added marker 2470/3056
Added marker 2471/3056
Added marker 2472/3056
Added marker 2473/3056
Added marker 2474/3056
Added marker 2475/3056
Added marker 2476/3056
Added marker 2477/3056
Added marker 2478/3056
Added marker 2479/3056
Added marker 2480/3056
Added marker 2481/3056
Added marker 2482/3056
Added marker 2483/3056
Added marker 2484/3056
Added marker 2485/3056
Added marker 2486/3056
Added marker 2487/3056
Added marker 2488/3056
Added marker 2489/3056
Added marker 2490/3056
Added marker 2491/3056
Added marker 2492/3056
Added marker 2493/3056
Added marker 2494/3056
Added marker 2495/3056
Added marker 2496/3056
Added marker 2497/3056
Added marker 2498/3056
Added marker 2499/3056
Added marker 2500/3056
Added marker 2501/3056
Added marker 2502/3056
Added marker 2503/3056
Added marker 2504/3056
Added marker 2505/3056
Added marker 2506/3056
Added marker 2507/3056
Added marker 2508/3056
Added marker 2509/3056
Added marker 2510/3056
Added marker 2511/3056
Added marker 2512/3056
Added marker 2513/3056
Added marker 2514/3056
Added marker 2515/3056
Added marker 2516/3056
Added marker 2517/3056
Added marker 2518/3056
Added marker 2519/3056
Added marker 2520/3056
Added marker 2521/3056
Added marker 2522/3056
Added marker 2523/3056
Added marker 2524/3056
Added marker 2525/3056
Added marker 2526/3056
Added marker 2527/3056
Added marker 2528/3056
Added marker 2529/3056
Added marker 2530/3056
Added marker 2531/3056
Added marker 2532/3056
Added marker 2533/3056
Added marker 2534/3056
Added marker 2535/3056
Added marker 2536/3056
Added marker 2537/3056
Added marker 2538/3056
Added marker 2539/3056
Added marker 2540/3056
Added marker 2541/3056
Added marker 2542/3056
Added marker 2543/3056
Added marker 2544/3056
Added marker 2545/3056
Added marker 2546/3056
Added marker 2547/3056
Added marker 2548/3056
Added marker 2549/3056
Added marker 2550/3056
Added marker 2551/3056
Added marker 2552/3056
Added marker 2553/3056
Added marker 2554/3056
Added marker 2555/3056
Added marker 2556/3056
Added marker 2557/3056
Added marker 2558/3056
Added marker 2559/3056
Added marker 2560/3056
Added marker 2561/3056
Added marker 2562/3056
Added marker 2563/3056
Added marker 2564/3056
Added marker 2565/3056
Added marker 2566/3056
Added marker 2567/3056
Added marker 2568/3056
Added marker 2569/3056
Added marker 2570/3056
Added marker 2571/3056
Added marker 2572/3056
Added marker 2573/3056
Added marker 2574/3056
Added marker 2575/3056
Added marker 2576/3056
Added marker 2577/3056
Added marker 2578/3056
Added marker 2579/3056
Added marker 2580/3056
Added marker 2581/3056
Added marker 2582/3056
Added marker 2583/3056
Added marker 2584/3056
Added marker 2585/3056
Added marker 2586/3056
Added marker 2587/3056
Added marker 2588/3056
Added marker 2589/3056
Added marker 2590/3056
Added marker 2591/3056
Added marker 2592/3056
Added marker 2593/3056
Added marker 2594/3056
Added marker 2595/3056
Added marker 2596/3056
Added marker 2597/3056
Added marker 2598/3056
Added marker 2599/3056
Added marker 2600/3056
Added marker 2601/3056
Added marker 2602/3056
Added marker 2603/3056
Added marker 2604/3056
Added marker 2605/3056
Added marker 2606/3056
Added marker 2607/3056
Added marker 2608/3056
Added marker 2609/3056
Added marker 2610/3056
Added marker 2611/3056
Added marker 2612/3056
Added marker 2613/3056
Added marker 2614/3056
Added marker 2615/3056
Added marker 2616/3056
Added marker 2617/3056
Added marker 2618/3056
Added marker 2619/3056
Added marker 2620/3056
Added marker 2621/3056
Added marker 2622/3056
Added marker 2623/3056
Added marker 2624/3056
Added marker 2625/3056
Added marker 2626/3056
Added marker 2627/3056
Added marker 2628/3056
Added marker 2629/3056
Added marker 2630/3056
Added marker 2631/3056
Added marker 2632/3056
Added marker 2633/3056
Added marker 2634/3056
Added marker 2635/3056
Added marker 2636/3056
Added marker 2637/3056
Added marker 2638/3056
Added marker 2639/3056
Added marker 2640/3056
Added marker 2641/3056
Added marker 2642/3056
Added marker 2643/3056
Added marker 2644/3056
Added marker 2645/3056
Added marker 2646/3056
Added marker 2647/3056
Added marker 2648/3056
Added marker 2649/3056
Added marker 2650/3056
Added marker 2651/3056
Added marker 2652/3056
Added marker 2653/3056
Added marker 2654/3056
Added marker 2655/3056
Added marker 2656/3056
Added marker 2657/3056
Added marker 2658/3056
Added marker 2659/3056
Added marker 2660/3056
Added marker 2661/3056
Added marker 2662/3056
Added marker 2663/3056
Added marker 2664/3056
Added marker 2665/3056
Added marker 2666/3056
Added marker 2667/3056
Added marker 2668/3056
Added marker 2669/3056
Added marker 2670/3056
Added marker 2671/3056
Added marker 2672/3056
Added marker 2673/3056
Added marker 2674/3056
Added marker 2675/3056
Added marker 2676/3056
Added marker 2677/3056
Added marker 2678/3056
Added marker 2679/3056
Added marker 2680/3056
Added marker 2681/3056
Added marker 2682/3056
Added marker 2683/3056
Added marker 2684/3056
Added marker 2685/3056
Added marker 2686/3056
Added marker 2687/3056
Added marker 2688/3056
Added marker 2689/3056
Added marker 2690/3056
Added marker 2691/3056
Added marker 2692/3056
Added marker 2693/3056
Added marker 2694/3056
Added marker 2695/3056
Added marker 2696/3056
Added marker 2697/3056
Added marker 2698/3056
Added marker 2699/3056
Added marker 2700/3056
Added marker 2701/3056
Added marker 2702/3056
Added marker 2703/3056
Added marker 2704/3056
Added marker 2705/3056
Added marker 2706/3056
Added marker 2707/3056
Added marker 2708/3056
Added marker 2709/3056
Added marker 2710/3056
Added marker 2711/3056
Added marker 2712/3056
Added marker 2713/3056
Added marker 2714/3056
Added marker 2715/3056
Added marker 2716/3056
Added marker 2717/3056
Added marker 2718/3056
Added marker 2719/3056
Added marker 2720/3056
Added marker 2721/3056
Added marker 2722/3056
Added marker 2723/3056
Added marker 2724/3056
Added marker 2725/3056
Added marker 2726/3056
Added marker 2727/3056
Added marker 2728/3056
Added marker 2729/3056
Added marker 2730/3056
Added marker 2731/3056
Added marker 2732/3056
Added marker 2733/3056
Added marker 2734/3056
Added marker 2735/3056
Added marker 2736/3056
Added marker 2737/3056
Added marker 2738/3056
Added marker 2739/3056
Added marker 2740/3056
Added marker 2741/3056
Added marker 2742/3056
Added marker 2743/3056
Added marker 2744/3056
Added marker 2745/3056
Added marker 2746/3056
Added marker 2747/3056
Added marker 2748/3056
Added marker 2749/3056
Added marker 2750/3056
Added marker 2751/3056
Added marker 2752/3056
Added marker 2753/3056
Added marker 2754/3056
Added marker 2755/3056
Added marker 2756/3056
Added marker 2757/3056
Added marker 2758/3056
Added marker 2759/3056
Added marker 2760/3056
Added marker 2761/3056
Added marker 2762/3056
Added marker 2763/3056
Added marker 2764/3056
Added marker 2765/3056
Added marker 2766/3056
Added marker 2767/3056
Added marker 2768/3056
Added marker 2769/3056
Added marker 2770/3056
Added marker 2771/3056
Added marker 2772/3056
Added marker 2773/3056
Added marker 2774/3056
Added marker 2775/3056
Added marker 2776/3056
Added marker 2777/3056
Added marker 2778/3056
Added marker 2779/3056
Added marker 2780/3056
Added marker 2781/3056
Added marker 2782/3056
Added marker 2783/3056
Added marker 2784/3056
Added marker 2785/3056
Added marker 2786/3056
Added marker 2787/3056
Added marker 2788/3056
Added marker 2789/3056
Added marker 2790/3056
Added marker 2791/3056
Added marker 2792/3056
Added marker 2793/3056
Added marker 2794/3056
Added marker 2795/3056
Added marker 2796/3056
Added marker 2797/3056
Added marker 2798/3056
Added marker 2799/3056
Added marker 2800/3056
Added marker 2801/3056
Added marker 2802/3056
Added marker 2803/3056
Added marker 2804/3056
Added marker 2805/3056
Added marker 2806/3056
Added marker 2807/3056
Added marker 2808/3056
Added marker 2809/3056
Added marker 2810/3056
Added marker 2811/3056
Added marker 2812/3056
Added marker 2813/3056
Added marker 2814/3056
Added marker 2815/3056
Added marker 2816/3056
Added marker 2817/3056
Added marker 2818/3056
Added marker 2819/3056
Added marker 2820/3056
Added marker 2821/3056
Added marker 2822/3056
Added marker 2823/3056
Added marker 2824/3056
Added marker 2825/3056
Added marker 2826/3056
Added marker 2827/3056
Added marker 2828/3056
Added marker 2829/3056
Added marker 2830/3056
Added marker 2831/3056
Added marker 2832/3056
Added marker 2833/3056
Added marker 2834/3056
Added marker 2835/3056
Added marker 2836/3056
Added marker 2837/3056
Added marker 2838/3056
Added marker 2839/3056
Added marker 2840/3056
Added marker 2841/3056
Added marker 2842/3056
Added marker 2843/3056
Added marker 2844/3056
Added marker 2845/3056
Added marker 2846/3056
Added marker 2847/3056
Added marker 2848/3056
Added marker 2849/3056
Added marker 2850/3056
Added marker 2851/3056
Added marker 2852/3056
Added marker 2853/3056
Added marker 2854/3056
Added marker 2855/3056
Added marker 2856/3056
Added marker 2857/3056
Added marker 2858/3056
Added marker 2859/3056
Added marker 2860/3056
Added marker 2861/3056
Added marker 2862/3056
Added marker 2863/3056
Added marker 2864/3056
Added marker 2865/3056
Added marker 2866/3056
Added marker 2867/3056
Added marker 2868/3056
Added marker 2869/3056
Added marker 2870/3056
Added marker 2871/3056
Added marker 2872/3056
Added marker 2873/3056
Added marker 2874/3056
Added marker 2875/3056
Added marker 2876/3056
Added marker 2877/3056
Added marker 2878/3056
Added marker 2879/3056
Added marker 2880/3056
Added marker 2881/3056
Added marker 2882/3056
Added marker 2883/3056
Added marker 2884/3056
Added marker 2885/3056
Added marker 2886/3056
Added marker 2887/3056
Added marker 2888/3056
Added marker 2889/3056
Added marker 2890/3056
Added marker 2891/3056
Added marker 2892/3056
Added marker 2893/3056
Added marker 2894/3056
Added marker 2895/3056
Added marker 2896/3056
Added marker 2897/3056
Added marker 2898/3056
Added marker 2899/3056
Added marker 2900/3056
Added marker 2901/3056
Added marker 2902/3056
Added marker 2903/3056
Added marker 2904/3056
Added marker 2905/3056
Added marker 2906/3056
Added marker 2907/3056
Added marker 2908/3056
Added marker 2909/3056
Added marker 2910/3056
Added marker 2911/3056
Added marker 2912/3056
Added marker 2913/3056
Added marker 2914/3056
Added marker 2915/3056
Added marker 2916/3056
Added marker 2917/3056
Added marker 2918/3056
Added marker 2919/3056
Added marker 2920/3056
Added marker 2921/3056
Added marker 2922/3056
Added marker 2923/3056
Added marker 2924/3056
Added marker 2925/3056
Added marker 2926/3056
Added marker 2927/3056
Added marker 2928/3056
Added marker 2929/3056
Added marker 2930/3056
Added marker 2931/3056
Added marker 2932/3056
Added marker 2933/3056
Added marker 2934/3056
Added marker 2935/3056
Added marker 2936/3056
Added marker 2937/3056
Added marker 2938/3056
Added marker 2939/3056
Added marker 2940/3056
Added marker 2941/3056
Added marker 2942/3056
Added marker 2943/3056
Added marker 2944/3056
Added marker 2945/3056
Added marker 2946/3056
Added marker 2947/3056
Added marker 2948/3056
Added marker 2949/3056
Added marker 2950/3056
Added marker 2951/3056
Added marker 2952/3056
Added marker 2953/3056
Added marker 2954/3056
Added marker 2955/3056
Added marker 2956/3056
Added marker 2957/3056
Added marker 2958/3056
Added marker 2959/3056
Added marker 2960/3056
Added marker 2961/3056
Added marker 2962/3056
Added marker 2963/3056
Added marker 2964/3056
Added marker 2965/3056
Added marker 2966/3056
Added marker 2967/3056
Added marker 2968/3056
Added marker 2969/3056
Added marker 2970/3056
Added marker 2971/3056
Added marker 2972/3056
Added marker 2973/3056
Added marker 2974/3056
Added marker 2975/3056
Added marker 2976/3056
Added marker 2977/3056
Added marker 2978/3056
Added marker 2979/3056
Added marker 2980/3056
Added marker 2981/3056
Added marker 2982/3056
Added marker 2983/3056
Added marker 2984/3056
Added marker 2985/3056
Added marker 2986/3056
Added marker 2987/3056
Added marker 2988/3056
Added marker 2989/3056
Added marker 2990/3056
Added marker 2991/3056
Added marker 2992/3056
Added marker 2993/3056
Added marker 2994/3056
Added marker 2995/3056
Added marker 2996/3056
Added marker 2997/3056
Added marker 2998/3056
Added marker 2999/3056
Added marker 3000/3056
Added marker 3001/3056
Added marker 3002/3056
Added marker 3003/3056
Added marker 3004/3056
Added marker 3005/3056
Added marker 3006/3056
Added marker 3007/3056
Added marker 3008/3056
Added marker 3009/3056
Added marker 3010/3056
Added marker 3011/3056
Added marker 3012/3056
Added marker 3013/3056
Added marker 3014/3056
Added marker 3015/3056
Added marker 3016/3056
Added marker 3017/3056
Added marker 3018/3056
Added marker 3019/3056
Added marker 3020/3056
Added marker 3021/3056
Added marker 3022/3056
Added marker 3023/3056
Added marker 3024/3056
Added marker 3025/3056
Added marker 3026/3056
Added marker 3027/3056
Added marker 3028/3056
Added marker 3029/3056
Added marker 3030/3056
Added marker 3031/3056
Added marker 3032/3056
Added marker 3033/3056
Added marker 3034/3056
Added marker 3035/3056
Added marker 3036/3056
Added marker 3037/3056
Added marker 3038/3056
Added marker 3039/3056
Added marker 3040/3056
Added marker 3041/3056
Added marker 3042/3056
Added marker 3043/3056
Added marker 3044/3056
Added marker 3045/3056
Added marker 3046/3056
Added marker 3047/3056
Added marker 3048/3056
Added marker 3049/3056
Added marker 3050/3056
Added marker 3051/3056
Added marker 3052/3056
Added marker 3053/3056
Added marker 3054/3056
Added marker 3055/3056
Added marker 3056/3056
Finished!
Commiting map data...
Done!
Getting member information...
Done!

##### Updating map for member: Robert C. Abraham...
Getting locations and countries...
Starting 'Flickr Map' script...
Generating map for 'Robert C. Abraham'
384 photos in the photostream
No changes on number of photos since last run.
Aborted.
Everything is up-to-date. Nothing to commit!
Getting member information...
Done!

##### Updating map for member: Paul268869...
Getting locations and countries...
Starting 'Flickr Map' script...
Generating map for 'paul manley'
143 photos in the photostream
1 photo(s) deleted from photostream.
The corresponding markers will alse be deleted
Extracting photo coordinates and ids...
Batch 1/1 | 80 photo(s) in 76 marker(s)
Adding marker(s) to map...
76 new marker(s) will be added to the map
Added marker 1/76
Added marker 2/76
Added marker 3/76
Added marker 4/76
Added marker 5/76
Added marker 6/76
Added marker 7/76
Added marker 8/76
Added marker 9/76
Added marker 10/76
Added marker 11/76
Added marker 12/76
Added marker 13/76
Added marker 14/76
Added marker 15/76
Added marker 16/76
Added marker 17/76
Added marker 18/76
Added marker 19/76
Added marker 20/76
Added marker 21/76
Added marker 22/76
Added marker 23/76
Added marker 24/76
Added marker 25/76
Added marker 26/76
Added marker 27/76
Added marker 28/76
Added marker 29/76
Added marker 30/76
Added marker 31/76
Added marker 32/76
Added marker 33/76
Added marker 34/76
Added marker 35/76
Added marker 36/76
Added marker 37/76
Added marker 38/76
Added marker 39/76
Added marker 40/76
Added marker 41/76
Added marker 42/76
Added marker 43/76
Added marker 44/76
Added marker 45/76
Added marker 46/76
Added marker 47/76
Added marker 48/76
Added marker 49/76
Added marker 50/76
Added marker 51/76
Added marker 52/76
Added marker 53/76
Added marker 54/76
Added marker 55/76
Added marker 56/76
Added marker 57/76
Added marker 58/76
Added marker 59/76
Added marker 60/76
Added marker 61/76
Added marker 62/76
Added marker 63/76
Added marker 64/76
Added marker 65/76
Added marker 66/76
Added marker 67/76
Added marker 68/76
Added marker 69/76
Added marker 70/76
Added marker 71/76
Added marker 72/76
Added marker 73/76
Added marker 74/76
Added marker 75/76
Added marker 76/76
Finished!
Everything is up-to-date. Nothing to commit!
Getting member information...
Done!

##### Updating map for member: _Veit_...
Getting locations and countries...
Starting 'Flickr Map' script...
Generating map for 'Veit'
980 photos in the photostream
No changes on number of photos since last run.
Aborted.
Everything is up-to-date. Nothing to commit!
Getting member information...
Done!

##### Updating map for member: Joe Bob Brim...
Getting locations and countries...
Starting 'Flickr Map' script...
Generating map for 'Joseph Brimacombe'
1657 photos in the photostream
No changes on number of photos since last run.
Aborted.
Everything is up-to-date. Nothing to commit!
Getting member information...
Done!

##### Updating map for member: driver04...
Getting locations and countries...
Starting 'Flickr Map' script...
Generating map for 'driver04'
22 photos in the photostream
No changes on number of photos since last run.
Aborted.
Everything is up-to-date. Nothing to commit!
Getting member information...
Done!

##### Updating map for member: Domikawa4...
Getting locations and countries...
Starting 'Flickr Map' script...
Generating map for 'dominique FILLION'
709 photos in the photostream
1 new photo(s) added
Extracting photo coordinates and ids...
Batch 1/1 | 1 photo(s) in 1 marker(s)
Adding marker(s) to map...
Map already has 294 marker(s)
1 new marker(s) will be added to the map
Added marker 1/1
Finished!
Commiting map data...
Done!
Getting member information...
Done!

##### Updating map for member: CrËOS Photographie...
Getting locations and countries...
Starting 'Flickr Map' script...
Generating map for 'Sébastien Croës'
3568 photos in the photostream
2 new photo(s) added
Extracting photo coordinates and ids...
Batch 1/1 | 2 photo(s) in 2 marker(s)
Adding marker(s) to map...
Map already has 2285 marker(s)
2 new marker(s) will be added to the map
Added marker 1/2
Added marker 2/2
Finished!
Commiting map data...
Done!
Getting member information...
Done!

##### Updating map for member: Brunswick Forge...
Getting locations and countries...
Starting 'Flickr Map' script...
Generating map for 'John McNeely Hudson'
11014 photos in the photostream
No changes on number of photos since last run.
Aborted.
Everything is up-to-date. Nothing to commit!
Getting member information...
Done!

##### Updating map for member: cyclingshepherd...
Getting locations and countries...
Starting 'Flickr Map' script...
Generating map for 'cyclingshepherd'
999 photos in the photostream
No changes on number of photos since last run.
Aborted.
Everything is up-to-date. Nothing to commit!
Getting member information...
Done!

##### Updating map for member: Robin Shepperson Pho...
Getting locations and countries...
Starting 'Flickr Map' script...
Generating map for 'Robin Shepperson'
852 photos in the photostream
No changes on number of photos since last run.
Aborted.
Everything is up-to-date. Nothing to commit!
Getting member information...
Done!

##### Updating map for member: Ron Fisher...
Getting locations and countries...
Starting 'Flickr Map' script...
Generating map for 'Ron Fisher'
31662 photos in the photostream
No changes on number of photos since last run.
Aborted.
Everything is up-to-date. Nothing to commit!
Getting member information...
Done!

##### Updating map for member: khrawlings...
Getting locations and countries...
Starting 'Flickr Map' script...
Generating map for 'khrawlings'
5137 photos in the photostream
1 new photo(s) added
Extracting photo coordinates and ids...
Batch 1/1 | 1 photo(s) in 1 marker(s)
Adding marker(s) to map...
Map already has 3050 marker(s)
1 new marker(s) will be added to the map
Added marker 1/1
Finished!
Commiting map data...
Done!
Getting member information...
Done!

##### Updating map for member: Ignacio M. Jiménez...
Getting locations and countries...
Starting 'Flickr Map' script...
Generating map for 'Nacho'
1876 photos in the photostream
No changes on number of photos since last run.
Aborted.
Everything is up-to-date. Nothing to commit!
Getting member information...
Done!

##### Updating map for member: tinokaartovuori...
Getting locations and countries...
Starting 'Flickr Map' script...
Generating map for 'Tino Kaartovuori'
157 photos in the photostream
No changes on number of photos since last run.
Aborted.
Everything is up-to-date. Nothing to commit!
Getting member information...
Done!

##### Updating map for member: Jens Koschitzki...
Getting locations and countries...
Starting 'Flickr Map' script...
Generating map for 'Jens Koschitzki'
48097 photos in the photostream
No changes on number of photos since last run.
Aborted.
Everything is up-to-date. Nothing to commit!
Getting member information...
Done!

##### Updating map for member: Jesús 56...
Getting locations and countries...
Starting 'Flickr Map' script...
Generating map for 'Jesus Villarreal'
501 photos in the photostream
No changes on number of photos since last run.
Aborted.
Everything is up-to-date. Nothing to commit!
Getting member information...
Done!

##### Updating map for member: Matjaž Skrinar...
Getting locations and countries...
Starting 'Flickr Map' script...
Generating map for 'Matjaž Skrinar'
3179 photos in the photostream
2 new photo(s) added
Extracting photo coordinates and ids...
Batch 1/1 | 0 photo(s) in 0 marker(s)
Adding marker(s) to map...
Map already has 399 marker(s)
No new markers were added to the map
Finished!
Everything is up-to-date. Nothing to commit!
Getting member information...
Done!

##### Updating map for member: S.Jin / 七福神...
Getting locations and countries...
Starting 'Flickr Map' script...
Generating map for 'Shichifuku Jin'
37657 photos in the photostream
1 new photo(s) added
Extracting photo coordinates and ids...
Batch 1/1 | 1 photo(s) in 1 marker(s)
Adding marker(s) to map...
Map already has 3375 marker(s)
1 new marker(s) will be added to the map
Added marker 1/1
Finished!
Commiting map data...
Done!
Getting member information...
Done!

##### Updating map for member: Gray Moon Gallery...
Getting locations and countries...
Starting 'Flickr Map' script...
Generating map for 'Gray Moon Gallery'
467 photos in the photostream
2 new photo(s) added
Extracting photo coordinates and ids...
Batch 1/1 | 0 photo(s) in 0 marker(s)
Adding marker(s) to map...
Map already has 186 marker(s)
No new markers were added to the map
Finished!
Everything is up-to-date. Nothing to commit!
Getting member information...
Done!

##### Updating map for member: ΚΣ1960...
Getting locations and countries...
Starting 'Flickr Map' script...
Generating map for 'ΚΣ1960'
6067 photos in the photostream
12 new photo(s) added
Extracting photo coordinates and ids...
Batch 1/1 | 12 photo(s) in 8 marker(s)
Adding marker(s) to map...
Map already has 364 marker(s)
No new markers were added to the map
Finished!
Everything is up-to-date. Nothing to commit!
Getting member information...
Done!

##### Updating map for member: PINOY PHOTOGRAPHER...
Getting locations and countries...
Starting 'Flickr Map' script...
Generating map for 'PINOY PHOTOGRAPHER'
65354 photos in the photostream
No changes on number of photos since last run.
Aborted.
Everything is up-to-date. Nothing to commit!
Getting member information...
Done!

##### Updating map for member: fragandaphoto...
Getting locations and countries...
Starting 'Flickr Map' script...
Generating map for 'fragandaphoto'
517 photos in the photostream
No changes on number of photos since last run.
Aborted.
Everything is up-to-date. Nothing to commit!
Getting member information...
Done!

##### Updating map for member: thunderbird-72...
Getting locations and countries...
Starting 'Flickr Map' script...
Generating map for 'thunderbird-72'
3766 photos in the photostream
2 new photo(s) added
Extracting photo coordinates and ids...
Batch 1/1 | 0 photo(s) in 0 marker(s)
Adding marker(s) to map...
Map already has 1492 marker(s)
No new markers were added to the map
Finished!
Everything is up-to-date. Nothing to commit!
Getting member information...
Done!

##### Updating map for member: Massimo Francesconi...
Getting locations and countries...
Starting 'Flickr Map' script...
Generating map for 'Massimo Francesconi'
107 photos in the photostream
No changes on number of photos since last run.
Aborted.
Everything is up-to-date. Nothing to commit!
Getting member information...
Done!

##### Updating map for member: Alexander Sand Halvo...
Getting locations and countries...
Starting 'Flickr Map' script...
Generating map for 'Alexander Sand Halvorsen'
663 photos in the photostream
No changes on number of photos since last run.
Aborted.
Everything is up-to-date. Nothing to commit!
Getting member information...
Done!

##### Updating map for member: ForceMajeureMonteneg...
Getting locations and countries...
Starting 'Flickr Map' script...
Generating map for 'ForceMajeureMontenegro'
1618 photos in the photostream
No changes on number of photos since last run.
Aborted.
Everything is up-to-date. Nothing to commit!
Getting member information...
Done!

##### Updating map for member: Jo 0405...
Getting locations and countries...
Starting 'Flickr Map' script...
Generating map for 'Jo 0405'
1870 photos in the photostream
2 new photo(s) added
Extracting photo coordinates and ids...
Batch 1/1 | 0 photo(s) in 0 marker(s)
Adding marker(s) to map...
Map already has 186 marker(s)
No new markers were added to the map
Finished!
Everything is up-to-date. Nothing to commit!
Getting member information...
Done!

##### Updating map for member: amalthus...
Getting locations and countries...
Starting 'Flickr Map' script...
Generating map for 'amalthus'
1000 photos in the photostream
No changes on number of photos since last run.
Aborted.
Everything is up-to-date. Nothing to commit!
Getting member information...
Done!

##### Updating map for member: Gaz 1984...
Getting locations and countries...
Starting 'Flickr Map' script...
Generating map for 'Gary Bond'
21324 photos in the photostream
No changes on number of photos since last run.
Aborted.
Everything is up-to-date. Nothing to commit!
Getting member information...
Done!

##### Updating map for member: Bilderschreiber...
Getting locations and countries...
Starting 'Flickr Map' script...
Generating map for 'Bilderschreiber'
4286 photos in the photostream
No changes on number of photos since last run.
Aborted.
Everything is up-to-date. Nothing to commit!
Getting member information...
Done!

##### Updating map for member: giosuèbolis...
Getting locations and countries...
Starting 'Flickr Map' script...
Generating map for 'Giosuè Bolis'
372 photos in the photostream
No changes on number of photos since last run.
Aborted.
Everything is up-to-date. Nothing to commit!
Getting member information...
Done!

##### Updating map for member: regardphoto04...
Getting locations and countries...
Starting 'Flickr Map' script...
Generating map for 'Regard  Photo'
6 photos in the photostream
No changes on number of photos since last run.
Aborted.
Everything is up-to-date. Nothing to commit!
Getting member information...
Done!

##### Updating map for member: Adam Swaine...
Getting locations and countries...
Starting 'Flickr Map' script...
Generating map for 'Adam Swaine'
28640 photos in the photostream
6 new photo(s) added
Extracting photo coordinates and ids...
Batch 1/1 | 6 photo(s) in 6 marker(s)
Adding marker(s) to map...
Map already has 18910 marker(s)
Added 1 new photo(s) to existing markers
5 new marker(s) will be added to the map
Added marker 1/5
Added marker 2/5
Added marker 3/5
Added marker 4/5
Added marker 5/5
Finished!
Commiting map data...
Done!
Getting member information...
Done!

##### Updating map for member: Crystal.Rain...
Getting locations and countries...
Starting 'Flickr Map' script...
Generating map for 'Dmitry Ivanov'
4094 photos in the photostream
1 new photo(s) added
Extracting photo coordinates and ids...
Batch 1/1 | 0 photo(s) in 0 marker(s)
Adding marker(s) to map...
Map already has 1177 marker(s)
No new markers were added to the map
Finished!
Everything is up-to-date. Nothing to commit!
Getting member information...
Done!

##### Updating map for member: Miguelanxo...
Getting locations and countries...
Starting 'Flickr Map' script...
Generating map for 'Miguel RC'
470 photos in the photostream
No changes on number of photos since last run.
Aborted.
Everything is up-to-date. Nothing to commit!
Getting member information...
Done!

##### Updating map for member: acase1968...
Getting locations and countries...
Starting 'Flickr Map' script...
Generating map for 'Al Case'
2015 photos in the photostream
No changes on number of photos since last run.
Aborted.
Everything is up-to-date. Nothing to commit!
Getting member information...
Done!

##### Updating map for member: ValKamch...
Getting locations and countries...
Starting 'Flickr Map' script...
Generating map for 'ValKamch'
5583 photos in the photostream
No changes on number of photos since last run.
Aborted.
Everything is up-to-date. Nothing to commit!
Getting member information...
Done!

##### Updating map for member: SeaLord 50+...
Getting locations and countries...
Starting 'Flickr Map' script...
Generating map for 'SeaLord 50+'
307 photos in the photostream
No changes on number of photos since last run.
Aborted.
Everything is up-to-date. Nothing to commit!
Getting member information...
Done!

##### Updating map for member: zimwizdotcom...
Getting locations and countries...
Starting 'Flickr Map' script...
Generating map for 'zimwizdotcom'
2992 photos in the photostream
1 new photo(s) added
Extracting photo coordinates and ids...
Batch 1/1 | 0 photo(s) in 0 marker(s)
Adding marker(s) to map...
Map already has 784 marker(s)
No new markers were added to the map
Finished!
Everything is up-to-date. Nothing to commit!
Getting member information...
Done!

##### Updating map for member: Luigibalza...
Getting locations and countries...
Starting 'Flickr Map' script...
Generating map for 'Luigibalza'
12363 photos in the photostream
No changes on number of photos since last run.
Aborted.
Everything is up-to-date. Nothing to commit!
Getting member information...
Done!

##### Updating map for member: Sharon Mollerus...
Getting locations and countries...
Starting 'Flickr Map' script...
Generating map for 'Sharon Mollerus'
34957 photos in the photostream
No changes on number of photos since last run.
Aborted.
Everything is up-to-date. Nothing to commit!
Getting member information...
Done!

##### Updating map for member: The Gidinski...
Getting locations and countries...
Starting 'Flickr Map' script...
Generating map for 'Gary Giddens'
8109 photos in the photostream
220 new photo(s) added
Extracting photo coordinates and ids...
Batch 1/1 | 0 photo(s) in 0 marker(s)
Adding marker(s) to map...
Map already has 986 marker(s)
No new markers were added to the map
Finished!
Everything is up-to-date. Nothing to commit!
Getting member information...
Done!

##### Updating map for member: Rubem Jr...
Getting locations and countries...
Starting 'Flickr Map' script...
Generating map for 'Rubem Porto Jr'
32925 photos in the photostream
7 new photo(s) added
Extracting photo coordinates and ids...
Batch 1/1 | 4 photo(s) in 4 marker(s)
Adding marker(s) to map...
Map already has 8621 marker(s)
No new markers were added to the map
Finished!
Everything is up-to-date. Nothing to commit!
Getting member information...
Done!

##### Updating map for member: suntrana3...
Getting locations and countries...
Starting 'Flickr Map' script...
Generating map for 'Jim Smith'
1194 photos in the photostream
No changes on number of photos since last run.
Aborted.
Everything is up-to-date. Nothing to commit!
Getting member information...
Done!

##### Updating map for member: enrico sprea...
Getting locations and countries...
Starting 'Flickr Map' script...
Generating map for 'Enrico Sprea'
986 photos in the photostream
No changes on number of photos since last run.
Aborted.
Everything is up-to-date. Nothing to commit!
Getting member information...
Done!

##### Updating map for member: karsaiag...
Getting locations and countries...
Starting 'Flickr Map' script...
Generating map for 'András Karsai'
690 photos in the photostream
3 new photo(s) added
Extracting photo coordinates and ids...
Batch 1/1 | 0 photo(s) in 0 marker(s)
Adding marker(s) to map...
Map already has 378 marker(s)
No new markers were added to the map
Finished!
Everything is up-to-date. Nothing to commit!
Getting member information...
Done!

##### Updating map for member: alcides OTA...
Getting locations and countries...
Starting 'Flickr Map' script...
Generating map for 'alcidesota@yahoo.com-OFF-For S'
15667 photos in the photostream
No changes on number of photos since last run.
Aborted.
Everything is up-to-date. Nothing to commit!
Getting member information...
Done!

##### Updating map for member: Patrice Dardoize...
Getting locations and countries...
Starting 'Flickr Map' script...
Generating map for 'Patrice Dardoize'
1412 photos in the photostream
No changes on number of photos since last run.
Aborted.
Everything is up-to-date. Nothing to commit!
Getting member information...
Done!

##### Updating map for member: Stratman2...
Getting locations and countries...
Starting 'Flickr Map' script...
Generating map for 'Stratman2 (away for a while)'
9848 photos in the photostream
72 new photo(s) added
Extracting photo coordinates and ids...
Batch 1/1 | 0 photo(s) in 0 marker(s)
Adding marker(s) to map...
Map already has 522 marker(s)
No new markers were added to the map
Finished!
Everything is up-to-date. Nothing to commit!
Getting member information...
Done!

##### Updating map for member: mstraus52...
Getting locations and countries...
Starting 'Flickr Map' script...
Generating map for 'Micheal Straus'
2015 photos in the photostream
No changes on number of photos since last run.
Aborted.
Everything is up-to-date. Nothing to commit!
Getting member information...
Done!

##### Updating map for member: OMNIBUS DUBITANDUM...
Getting locations and countries...
Starting 'Flickr Map' script...
Generating map for 'OMNIBUS DUBITANDUM'
36795 photos in the photostream
No changes on number of photos since last run.
Aborted.
Everything is up-to-date. Nothing to commit!
Getting member information...
Done!

##### Updating map for member: Faillace360...
Getting locations and countries...
Starting 'Flickr Map' script...
Generating map for 'Faillace'
168 photos in the photostream
No changes on number of photos since last run.
Aborted.
Everything is up-to-date. Nothing to commit!
Getting member information...
Done!

##### Updating map for member: CoronaViking (mounta...
Getting locations and countries...
Starting 'Flickr Map' script...
Generating map for 'CoronaViking (mountain photogr'
4436 photos in the photostream
1 new photo(s) added
Extracting photo coordinates and ids...
Batch 1/1 | 0 photo(s) in 0 marker(s)
Adding marker(s) to map...
Map already has 3812 marker(s)
No new markers were added to the map
Finished!
Everything is up-to-date. Nothing to commit!
Getting member information...
Done!

##### Updating map for member: Ian & Marg...
Getting locations and countries...
Starting 'Flickr Map' script...
Generating map for 'Ian & Marg'
1425 photos in the photostream
3 new photo(s) added
Extracting photo coordinates and ids...
Batch 1/1 | 3 photo(s) in 3 marker(s)
Adding marker(s) to map...
Map already has 1262 marker(s)
3 new marker(s) will be added to the map
Added marker 1/3
Added marker 2/3
Added marker 3/3
Finished!
Commiting map data...
Done!
Getting member information...
Done!

##### Updating map for member: grand Yann...
Getting locations and countries...
Starting 'Flickr Map' script...
Generating map for 'Yann Pinczon du Sel'
1399 photos in the photostream
No changes on number of photos since last run.
Aborted.
Everything is up-to-date. Nothing to commit!
Getting member information...
Done!

##### Updating map for member: marionkaminski...
Getting locations and countries...
Starting 'Flickr Map' script...
Generating map for 'Marion Kaminski'
2529 photos in the photostream
No changes on number of photos since last run.
Aborted.
Everything is up-to-date. Nothing to commit!
Getting member information...
Done!

##### Updating map for member: instagram: Alex_Prem...
Getting locations and countries...
Starting 'Flickr Map' script...
Generating map for 'Alex Premoli'
75 photos in the photostream
No changes on number of photos since last run.
Aborted.
Everything is up-to-date. Nothing to commit!
Getting member information...
Done!

##### Updating map for member: Gabriel Paladino Ibá...
Getting locations and countries...
Starting 'Flickr Map' script...
Generating map for 'Gabriel Paladino Ibáñez'
4342 photos in the photostream
1 new photo(s) added
Extracting photo coordinates and ids...
Batch 1/1 | 1 photo(s) in 1 marker(s)
Adding marker(s) to map...
Map already has 1023 marker(s)
Added 1 new photo(s) to existing markers
No new markers were added to the map
Finished!
Commiting map data...
Done!
Getting member information...
Done!

##### Updating map for member: - Ozymandias -...
Getting locations and countries...
Starting 'Flickr Map' script...
Generating map for '- Ozymandias -'
54571 photos in the photostream
38 new photo(s) added
Extracting photo coordinates and ids...
Batch 1/1 | 38 photo(s) in 30 marker(s)
Adding marker(s) to map...
Map already has 45542 marker(s)
Added 16 new photo(s) to existing markers
22 new marker(s) will be added to the map
Added marker 1/22
Added marker 2/22
Added marker 3/22
Added marker 4/22
Added marker 5/22
Added marker 6/22
Added marker 7/22
Added marker 8/22
Added marker 9/22
Added marker 10/22
Added marker 11/22
Added marker 12/22
Added marker 13/22
Added marker 14/22
Added marker 15/22
Added marker 16/22
Added marker 17/22
Added marker 18/22
Added marker 19/22
Added marker 20/22
Added marker 21/22
Added marker 22/22
Finished!
Commiting map data...
Done!
Getting member information...
Done!

##### Updating map for member: dwightcarr_77...
Getting locations and countries...
Starting 'Flickr Map' script...
Generating map for 'Dwight Carr'
12 photos in the photostream
No changes on number of photos since last run.
Aborted.
Everything is up-to-date. Nothing to commit!
Getting member information...
Done!

##### Updating map for member: D-Stanley...
Getting locations and countries...
Starting 'Flickr Map' script...
Generating map for 'David Stanley'
10822 photos in the photostream
4 new photo(s) added
Extracting photo coordinates and ids...
Batch 1/1 | 4 photo(s) in 2 marker(s)
Adding marker(s) to map...
Map already has 9132 marker(s)
Added 4 new photo(s) to existing markers
No new markers were added to the map
Finished!
Commiting map data...
Done!
Getting member information...
Done!

##### Updating map for member: Steve O'Day...
Getting locations and countries...
Starting 'Flickr Map' script...
Generating map for 'Steve'
465 photos in the photostream
No changes on number of photos since last run.
Aborted.
Everything is up-to-date. Nothing to commit!
Getting member information...
Done!

##### Updating map for member: Thanks for 12.7 Mill...
Getting locations and countries...
Starting 'Flickr Map' script...
Generating map for 'Joe (José) Garcia'
895 photos in the photostream
No changes on number of photos since last run.
Aborted.
Everything is up-to-date. Nothing to commit!
Getting member information...
Done!

##### Updating map for member: enrico377...
Getting locations and countries...
Starting 'Flickr Map' script...
Generating map for 'Enrico Veneruso'
357 photos in the photostream
No changes on number of photos since last run.
Aborted.
Everything is up-to-date. Nothing to commit!
Getting member information...
Done!

##### Updating map for member: cnmark...
Getting locations and countries...
Starting 'Flickr Map' script...
Generating map for 'Markus Bahlmann'
5417 photos in the photostream
No changes on number of photos since last run.
Aborted.
Everything is up-to-date. Nothing to commit!
Getting member information...
Done!

##### Updating map for member: diffendale...
Getting locations and countries...
Starting 'Flickr Map' script...
Generating map for 'Dan Diffendale'
17029 photos in the photostream
No changes on number of photos since last run.
Aborted.
Everything is up-to-date. Nothing to commit!
Getting member information...
Done!

##### Updating map for member: PeterThoeny...
Getting locations and countries...
Starting 'Flickr Map' script...
Generating map for 'Peter Thoeny - Quality HDR Pho'
4305 photos in the photostream
No changes on number of photos since last run.
Aborted.
Everything is up-to-date. Nothing to commit!
Getting member information...
Done!

##### Updating map for member: CravingEscape...
Getting locations and countries...
Starting 'Flickr Map' script...
Generating map for 'CravingEscape'
1234 photos in the photostream
10 new photo(s) added
Extracting photo coordinates and ids...
Batch 1/1 | 0 photo(s) in 0 marker(s)
Adding marker(s) to map...
Map already has 57 marker(s)
No new markers were added to the map
Finished!
Everything is up-to-date. Nothing to commit!
Getting member information...
Done!

##### Updating map for member: ReNato '59...
Getting locations and countries...
Starting 'Flickr Map' script...
Generating map for 'ReNato '59'
1940 photos in the photostream
No changes on number of photos since last run.
Aborted.
Everything is up-to-date. Nothing to commit!
Getting member information...
Done!

##### Updating map for member: Fabrizio Lucchese...
Getting locations and countries...
Starting 'Flickr Map' script...
Generating map for 'Fabrizio LUCCHESE'
1476 photos in the photostream
No changes on number of photos since last run.
Aborted.
Everything is up-to-date. Nothing to commit!
Getting member information...
Done!

##### Updating map for member: Mister Oy...
Getting locations and countries...
Starting 'Flickr Map' script...
Generating map for 'Dave Green'
9330 photos in the photostream
No changes on number of photos since last run.
Aborted.
Everything is up-to-date. Nothing to commit!
Getting member information...
Done!

##### Updating map for member: wa2wider...
Getting locations and countries...
Starting 'Flickr Map' script...
Generating map for 'wa2wider'
13655 photos in the photostream
43 new photo(s) added
Extracting photo coordinates and ids...
Batch 1/1 | 1 photo(s) in 1 marker(s)
Adding marker(s) to map...
Map already has 238 marker(s)
1 new marker(s) will be added to the map
Added marker 1/1
Finished!
Commiting map data...
Done!
Getting member information...
Done!

##### Updating map for member: Julian Munilla Rio...
Getting locations and countries...
Starting 'Flickr Map' script...
Generating map for 'Julian Munilla Rio'
1641 photos in the photostream
No changes on number of photos since last run.
Aborted.
Everything is up-to-date. Nothing to commit!
Getting member information...
Done!

##### Updating map for member: Atif Hussain Photogr...
Getting locations and countries...
Starting 'Flickr Map' script...
Generating map for 'Atif Hussain Photography'
998 photos in the photostream
1 new photo(s) added
Extracting photo coordinates and ids...
Batch 1/1 | 0 photo(s) in 0 marker(s)
Adding marker(s) to map...
Map already has 570 marker(s)
No new markers were added to the map
Finished!
Everything is up-to-date. Nothing to commit!
Getting member information...
Done!

##### Updating map for member: yves62160...
Getting locations and countries...
Starting 'Flickr Map' script...
Generating map for 'YVES NEVEJANS'
4933 photos in the photostream
No changes on number of photos since last run.
Aborted.
Everything is up-to-date. Nothing to commit!
Getting member information...
Done!

##### Updating map for member: kimbar/Thanks for 6....
Getting locations and countries...
Starting 'Flickr Map' script...
Generating map for 'Kim'
14810 photos in the photostream
2 new photo(s) added
Extracting photo coordinates and ids...
Batch 1/1 | 2 photo(s) in 2 marker(s)
Adding marker(s) to map...
Map already has 7321 marker(s)
2 new marker(s) will be added to the map
Added marker 1/2
Added marker 2/2
Finished!
Commiting map data...
Done!
Getting member information...
Done!

##### Updating map for member: Urban Florida Photog...
Getting locations and countries...
Starting 'Flickr Map' script...
Generating map for 'Urban Florida Photographer'
15419 photos in the photostream
5 new photo(s) added
Extracting photo coordinates and ids...
Batch 1/1 | 5 photo(s) in 5 marker(s)
Adding marker(s) to map...
Map already has 9804 marker(s)
Added 1 new photo(s) to existing markers
4 new marker(s) will be added to the map
Added marker 1/4
Added marker 2/4
Added marker 3/4
Added marker 4/4
Finished!
Commiting map data...
Done!
Getting member information...
Done!

##### Updating map for member: Yabba Link...
Getting locations and countries...
Starting 'Flickr Map' script...
Generating map for 'Imbella  Ecos'
72 photos in the photostream
5 new photo(s) added
Extracting photo coordinates and ids...
Batch 1/1 | 0 photo(s) in 0 marker(s)
Adding marker(s) to map...
Map already has 48 marker(s)
No new markers were added to the map
Finished!
Everything is up-to-date. Nothing to commit!
Getting member information...
Done!

##### Updating map for member: Thad Roan - Bridgepi...
Getting locations and countries...
Starting 'Flickr Map' script...
Generating map for 'Thaddeus Roan'
6061 photos in the photostream
No changes on number of photos since last run.
Aborted.
Everything is up-to-date. Nothing to commit!
Getting member information...
Done!

##### Updating map for member: I saw_that...
Getting locations and countries...
Starting 'Flickr Map' script...
Generating map for 'I saw_that'
5124 photos in the photostream
4 new photo(s) added
Extracting photo coordinates and ids...
Batch 1/1 | 3 photo(s) in 3 marker(s)
Adding marker(s) to map...
Map already has 1570 marker(s)
Added 2 new photo(s) to existing markers
1 new marker(s) will be added to the map
Added marker 1/1
Finished!
Commiting map data...
Done!
Getting member information...
Done!

##### Updating map for member: glancingshots.uk...
Getting locations and countries...
Starting 'Flickr Map' script...
Generating map for 'jonathan hood'
18057 photos in the photostream
81 new photo(s) added
Extracting photo coordinates and ids...
Batch 1/1 | 0 photo(s) in 0 marker(s)
Adding marker(s) to map...
Map already has 176 marker(s)
No new markers were added to the map
Finished!
Everything is up-to-date. Nothing to commit!
Getting member information...
Done!

##### Updating map for member: Al Case...
Getting locations and countries...
Starting 'Flickr Map' script...
Generating map for 'Al Case'
895 photos in the photostream
No changes on number of photos since last run.
Aborted.
Everything is up-to-date. Nothing to commit!
Getting member information...
Done!

##### Updating map for member: mouzhik...
Getting locations and countries...
Starting 'Flickr Map' script...
Generating map for 'mouzhik'
1773 photos in the photostream
No changes on number of photos since last run.
Aborted.
Everything is up-to-date. Nothing to commit!
Getting member information...
Done!

##### Updating map for member: Wes Iversen...
Getting locations and countries...
Starting 'Flickr Map' script...
Generating map for 'Wes Iversen'
3941 photos in the photostream
1 new photo(s) added
Extracting photo coordinates and ids...
Batch 1/1 | 1 photo(s) in 1 marker(s)
Adding marker(s) to map...
Map already has 2435 marker(s)
Added 1 new photo(s) to existing markers
No new markers were added to the map
Finished!
Commiting map data...
Done!
Getting member information...
Done!

##### Updating map for member: ceri1965...
Getting locations and countries...
Starting 'Flickr Map' script...
Generating map for 'ceri1965'
267 photos in the photostream
3 new photo(s) added
Extracting photo coordinates and ids...
Batch 1/1 | 3 photo(s) in 3 marker(s)
Adding marker(s) to map...
Map already has 190 marker(s)
3 new marker(s) will be added to the map
Added marker 1/3
Added marker 2/3
Added marker 3/3
Finished!
Commiting map data...
Done!
Getting member information...
Done!

##### Updating map for member: sarahstierch...
Getting locations and countries...
Starting 'Flickr Map' script...
Generating map for 'Sarah Stierch'
19396 photos in the photostream
No changes on number of photos since last run.
Aborted.
Everything is up-to-date. Nothing to commit!
Getting member information...
Done!

##### Updating map for member: Pieter Lommerse...
Getting locations and countries...
Starting 'Flickr Map' script...
Generating map for 'Charles in Shanghai'
923 photos in the photostream
No changes on number of photos since last run.
Aborted.
Everything is up-to-date. Nothing to commit!
Getting member information...
Done!

##### Updating map for member: INMSpace...
Getting locations and countries...
Starting 'Flickr Map' script...
Generating map for 'Eduard Neyburg'
251 photos in the photostream
2 new photo(s) added
Extracting photo coordinates and ids...
Batch 1/1 | 0 photo(s) in 0 marker(s)
Adding marker(s) to map...
Map already has 106 marker(s)
No new markers were added to the map
Finished!
Everything is up-to-date. Nothing to commit!
Getting member information...
Done!

##### Updating map for member: Wayloncash...
Getting locations and countries...
Starting 'Flickr Map' script...
Generating map for 'Wayloncash'
73052 photos in the photostream
No changes on number of photos since last run.
Aborted.
Everything is up-to-date. Nothing to commit!
Getting member information...
Done!

##### Updating map for member: haniarodak...
Getting locations and countries...
Starting 'Flickr Map' script...
Generating map for 'Hanna Rodak'
12 photos in the photostream
No changes on number of photos since last run.
Aborted.
Everything is up-to-date. Nothing to commit!
Getting member information...
Done!

##### Updating map for member: spelio...
Getting locations and countries...
Starting 'Flickr Map' script...
Generating map for 'spelio'
70466 photos in the photostream
9 photo(s) deleted from photostream.
The corresponding markers will alse be deleted
Extracting photo coordinates and ids...
Batch 1/141 | 89 photo(s) in 83 marker(s)
Batch 2/141 | 175 photo(s) in 161 marker(s)
Batch 3/141 | 256 photo(s) in 209 marker(s)
Batch 4/141 | 387 photo(s) in 331 marker(s)
Batch 5/141 | 509 photo(s) in 425 marker(s)
Batch 6/141 | 656 photo(s) in 560 marker(s)
Batch 7/141 | 822 photo(s) in 696 marker(s)
Batch 8/141 | 1018 photo(s) in 864 marker(s)
Batch 9/141 | 1374 photo(s) in 1188 marker(s)
Batch 10/141 | 1795 photo(s) in 1576 marker(s)
Batch 11/141 | 2017 photo(s) in 1773 marker(s)
Batch 12/141 | 2357 photo(s) in 2071 marker(s)
Batch 13/141 | 2562 photo(s) in 2257 marker(s)
Batch 14/141 | 2747 photo(s) in 2433 marker(s)
Batch 15/141 | 2924 photo(s) in 2593 marker(s)
Batch 16/141 | 3055 photo(s) in 2712 marker(s)
Batch 17/141 | 3345 photo(s) in 2978 marker(s)
Batch 18/141 | 3448 photo(s) in 3080 marker(s)
Batch 19/141 | 3448 photo(s) in 3080 marker(s)
Batch 20/141 | 3539 photo(s) in 3121 marker(s)
Batch 21/141 | 3893 photo(s) in 3353 marker(s)
Batch 22/141 | 4173 photo(s) in 3624 marker(s)
Batch 23/141 | 4357 photo(s) in 3797 marker(s)
Batch 24/141 | 4484 photo(s) in 3898 marker(s)
Batch 25/141 | 4773 photo(s) in 4162 marker(s)
Batch 26/141 | 4977 photo(s) in 4335 marker(s)
Batch 27/141 | 5174 photo(s) in 4509 marker(s)
Batch 28/141 | 5488 photo(s) in 4807 marker(s)
Batch 29/141 | 5620 photo(s) in 4935 marker(s)
Batch 30/141 | 5816 photo(s) in 5119 marker(s)
Batch 31/141 | 5976 photo(s) in 5270 marker(s)
Batch 32/141 | 6034 photo(s) in 5321 marker(s)
Batch 33/141 | 6208 photo(s) in 5427 marker(s)
Batch 34/141 | 6271 photo(s) in 5452 marker(s)
Batch 35/141 | 6437 photo(s) in 5583 marker(s)
Batch 36/141 | 6616 photo(s) in 5724 marker(s)
Batch 37/141 | 6756 photo(s) in 5773 marker(s)
Batch 38/141 | 7051 photo(s) in 6042 marker(s)
Batch 39/141 | 7120 photo(s) in 6103 marker(s)
Batch 40/141 | 7328 photo(s) in 6285 marker(s)
Batch 41/141 | 7477 photo(s) in 6365 marker(s)
Batch 42/141 | 7556 photo(s) in 6432 marker(s)
Batch 43/141 | 7659 photo(s) in 6512 marker(s)
Batch 44/141 | 7796 photo(s) in 6638 marker(s)
Batch 45/141 | 7960 photo(s) in 6752 marker(s)
Batch 46/141 | 8124 photo(s) in 6805 marker(s)
Batch 47/141 | 8287 photo(s) in 6913 marker(s)
Batch 48/141 | 8382 photo(s) in 6984 marker(s)
Batch 49/141 | 8482 photo(s) in 7075 marker(s)
Batch 50/141 | 8607 photo(s) in 7152 marker(s)
Batch 51/141 | 8671 photo(s) in 7215 marker(s)
Batch 52/141 | 8816 photo(s) in 7326 marker(s)
Batch 53/141 | 9050 photo(s) in 7503 marker(s)
Batch 54/141 | 9072 photo(s) in 7517 marker(s)
Batch 55/141 | 9073 photo(s) in 7518 marker(s)
Batch 56/141 | 9074 photo(s) in 7519 marker(s)
Batch 57/141 | 9075 photo(s) in 7520 marker(s)
Batch 58/141 | 9154 photo(s) in 7594 marker(s)
Batch 59/141 | 9154 photo(s) in 7594 marker(s)
Batch 60/141 | 9154 photo(s) in 7594 marker(s)
Batch 61/141 | 9158 photo(s) in 7596 marker(s)
Batch 62/141 | 9169 photo(s) in 7601 marker(s)
Batch 63/141 | 9169 photo(s) in 7601 marker(s)
Batch 64/141 | 9173 photo(s) in 7605 marker(s)
Batch 65/141 | 9180 photo(s) in 7611 marker(s)
Batch 66/141 | 9183 photo(s) in 7614 marker(s)
Batch 67/141 | 9187 photo(s) in 7617 marker(s)
Batch 68/141 | 9199 photo(s) in 7621 marker(s)
Batch 69/141 | 9210 photo(s) in 7628 marker(s)
Batch 70/141 | 9213 photo(s) in 7631 marker(s)
Batch 71/141 | 9218 photo(s) in 7635 marker(s)
Batch 72/141 | 9246 photo(s) in 7644 marker(s)
Batch 73/141 | 9247 photo(s) in 7645 marker(s)
Batch 74/141 | 9265 photo(s) in 7655 marker(s)
Batch 75/141 | 9266 photo(s) in 7656 marker(s)
Batch 76/141 | 9268 photo(s) in 7658 marker(s)
Batch 77/141 | 9278 photo(s) in 7663 marker(s)
Batch 78/141 | 9278 photo(s) in 7663 marker(s)
Batch 79/141 | 9280 photo(s) in 7664 marker(s)
Batch 80/141 | 9284 photo(s) in 7668 marker(s)
Batch 81/141 | 9284 photo(s) in 7668 marker(s)
Batch 82/141 | 9290 photo(s) in 7673 marker(s)
Batch 83/141 | 9291 photo(s) in 7674 marker(s)
Batch 84/141 | 9292 photo(s) in 7675 marker(s)
Batch 85/141 | 9293 photo(s) in 7676 marker(s)
Batch 86/141 | 9296 photo(s) in 7679 marker(s)
Batch 87/141 | 9297 photo(s) in 7680 marker(s)
Batch 88/141 | 9297 photo(s) in 7680 marker(s)
Batch 89/141 | 9336 photo(s) in 7695 marker(s)
Batch 90/141 | 9438 photo(s) in 7713 marker(s)
Batch 91/141 | 9450 photo(s) in 7715 marker(s)
Batch 92/141 | 9451 photo(s) in 7716 marker(s)
Batch 93/141 | 9493 photo(s) in 7730 marker(s)
Batch 94/141 | 9496 photo(s) in 7733 marker(s)
Batch 95/141 | 9497 photo(s) in 7733 marker(s)
Batch 96/141 | 9500 photo(s) in 7736 marker(s)
Batch 97/141 | 9504 photo(s) in 7738 marker(s)
Batch 98/141 | 9510 photo(s) in 7744 marker(s)
Batch 99/141 | 9552 photo(s) in 7766 marker(s)
Batch 100/141 | 9579 photo(s) in 7786 marker(s)
Batch 101/141 | 9607 photo(s) in 7810 marker(s)
Batch 102/141 | 9789 photo(s) in 7923 marker(s)
Batch 103/141 | 9902 photo(s) in 7998 marker(s)
Batch 104/141 | 9955 photo(s) in 8027 marker(s)
Batch 105/141 | 9968 photo(s) in 8039 marker(s)
Batch 106/141 | 9977 photo(s) in 8044 marker(s)
Batch 107/141 | 9983 photo(s) in 8049 marker(s)
Batch 108/141 | 10004 photo(s) in 8065 marker(s)
Batch 109/141 | 10007 photo(s) in 8068 marker(s)
Batch 110/141 | 10026 photo(s) in 8085 marker(s)
Batch 111/141 | 10030 photo(s) in 8086 marker(s)
Batch 112/141 | 10040 photo(s) in 8094 marker(s)
Batch 113/141 | 10042 photo(s) in 8096 marker(s)
Batch 114/141 | 10043 photo(s) in 8097 marker(s)
Batch 115/141 | 10050 photo(s) in 8103 marker(s)
Batch 116/141 | 10051 photo(s) in 8104 marker(s)
Batch 117/141 | 10058 photo(s) in 8110 marker(s)
Batch 118/141 | 10061 photo(s) in 8113 marker(s)
Batch 119/141 | 10171 photo(s) in 8173 marker(s)
Batch 120/141 | 10247 photo(s) in 8232 marker(s)
Batch 121/141 | 10322 photo(s) in 8301 marker(s)
Batch 122/141 | 10435 photo(s) in 8409 marker(s)
Batch 123/141 | 10484 photo(s) in 8455 marker(s)
Batch 124/141 | 10547 photo(s) in 8509 marker(s)
Batch 125/141 | 10598 photo(s) in 8560 marker(s)
Batch 126/141 | 10674 photo(s) in 8629 marker(s)
Batch 127/141 | 10751 photo(s) in 8695 marker(s)
Batch 128/141 | 10796 photo(s) in 8735 marker(s)
Batch 129/141 | 10882 photo(s) in 8813 marker(s)
Batch 130/141 | 10958 photo(s) in 8882 marker(s)
Batch 131/141 | 11039 photo(s) in 8953 marker(s)
Batch 132/141 | 11138 photo(s) in 9040 marker(s)
Batch 133/141 | 11233 photo(s) in 9116 marker(s)
Batch 134/141 | 11308 photo(s) in 9184 marker(s)
Batch 135/141 | 11398 photo(s) in 9254 marker(s)
Batch 136/141 | 11471 photo(s) in 9325 marker(s)
Batch 137/141 | 11550 photo(s) in 9397 marker(s)
Batch 138/141 | 11603 photo(s) in 9443 marker(s)
Batch 139/141 | 11695 photo(s) in 9518 marker(s)
Batch 140/141 | 11779 photo(s) in 9575 marker(s)
Batch 141/141 | 11779 photo(s) in 9575 marker(s)
Adding marker(s) to map...
9575 new marker(s) will be added to the map
Added marker 1/9575
Added marker 2/9575
Added marker 3/9575
Added marker 4/9575
Added marker 5/9575
Added marker 6/9575
Added marker 7/9575
Added marker 8/9575
Added marker 9/9575
Added marker 10/9575
Added marker 11/9575
Added marker 12/9575
Added marker 13/9575
Added marker 14/9575
Added marker 15/9575
Added marker 16/9575
Added marker 17/9575
Added marker 18/9575
Added marker 19/9575
Added marker 20/9575
Added marker 21/9575
Added marker 22/9575
Added marker 23/9575
Added marker 24/9575
Added marker 25/9575
Added marker 26/9575
Added marker 27/9575
Added marker 28/9575
Added marker 29/9575
Added marker 30/9575
Added marker 31/9575
Added marker 32/9575
Added marker 33/9575
Added marker 34/9575
Added marker 35/9575
Added marker 36/9575
Added marker 37/9575
Added marker 38/9575
Added marker 39/9575
Added marker 40/9575
Added marker 41/9575
Added marker 42/9575
Added marker 43/9575
Added marker 44/9575
Added marker 45/9575
Added marker 46/9575
Added marker 47/9575
Added marker 48/9575
Added marker 49/9575
Added marker 50/9575
Added marker 51/9575
Added marker 52/9575
Added marker 53/9575
Added marker 54/9575
Added marker 55/9575
Added marker 56/9575
Added marker 57/9575
Added marker 58/9575
Added marker 59/9575
Added marker 60/9575
Added marker 61/9575
Added marker 62/9575
Added marker 63/9575
Added marker 64/9575
Added marker 65/9575
Added marker 66/9575
Added marker 67/9575
Added marker 68/9575
Added marker 69/9575
Added marker 70/9575
Added marker 71/9575
Added marker 72/9575
Added marker 73/9575
Added marker 74/9575
Added marker 75/9575
Added marker 76/9575
Added marker 77/9575
Added marker 78/9575
Added marker 79/9575
Added marker 80/9575
Added marker 81/9575
Added marker 82/9575
Added marker 83/9575
Added marker 84/9575
Added marker 85/9575
Added marker 86/9575
Added marker 87/9575
Added marker 88/9575
Added marker 89/9575
Added marker 90/9575
Added marker 91/9575
Added marker 92/9575
Added marker 93/9575
Added marker 94/9575
Added marker 95/9575
Added marker 96/9575
Added marker 97/9575
Added marker 98/9575
Added marker 99/9575
Added marker 100/9575
Added marker 101/9575
Added marker 102/9575
Added marker 103/9575
Added marker 104/9575
Added marker 105/9575
Added marker 106/9575
Added marker 107/9575
Added marker 108/9575
Added marker 109/9575
Added marker 110/9575
Added marker 111/9575
Added marker 112/9575
Added marker 113/9575
Added marker 114/9575
Added marker 115/9575
Added marker 116/9575
Added marker 117/9575
Added marker 118/9575
Added marker 119/9575
Added marker 120/9575
Added marker 121/9575
Added marker 122/9575
Added marker 123/9575
Added marker 124/9575
Added marker 125/9575
Added marker 126/9575
Added marker 127/9575
Added marker 128/9575
Added marker 129/9575
Added marker 130/9575
Added marker 131/9575
Added marker 132/9575
Added marker 133/9575
Added marker 134/9575
Added marker 135/9575
Added marker 136/9575
Added marker 137/9575
Added marker 138/9575
Added marker 139/9575
Added marker 140/9575
Added marker 141/9575
Added marker 142/9575
Added marker 143/9575
Added marker 144/9575
Added marker 145/9575
Added marker 146/9575
Added marker 147/9575
Added marker 148/9575
Added marker 149/9575
Added marker 150/9575
Added marker 151/9575
Added marker 152/9575
Added marker 153/9575
Added marker 154/9575
Added marker 155/9575
Added marker 156/9575
Added marker 157/9575
Added marker 158/9575
Added marker 159/9575
Added marker 160/9575
Added marker 161/9575
Added marker 162/9575
Added marker 163/9575
Added marker 164/9575
Added marker 165/9575
Added marker 166/9575
Added marker 167/9575
Added marker 168/9575
Added marker 169/9575
Added marker 170/9575
Added marker 171/9575
Added marker 172/9575
Added marker 173/9575
Added marker 174/9575
Added marker 175/9575
Added marker 176/9575
Added marker 177/9575
Added marker 178/9575
Added marker 179/9575
Added marker 180/9575
Added marker 181/9575
Added marker 182/9575
Added marker 183/9575
Added marker 184/9575
Added marker 185/9575
Added marker 186/9575
Added marker 187/9575
Added marker 188/9575
Added marker 189/9575
Added marker 190/9575
Added marker 191/9575
Added marker 192/9575
Added marker 193/9575
Added marker 194/9575
Added marker 195/9575
Added marker 196/9575
Added marker 197/9575
Added marker 198/9575
Added marker 199/9575
Added marker 200/9575
Added marker 201/9575
Added marker 202/9575
Added marker 203/9575
Added marker 204/9575
Added marker 205/9575
Added marker 206/9575
Added marker 207/9575
Added marker 208/9575
Added marker 209/9575
Added marker 210/9575
Added marker 211/9575
Added marker 212/9575
Added marker 213/9575
Added marker 214/9575
Added marker 215/9575
Added marker 216/9575
Added marker 217/9575
Added marker 218/9575
Added marker 219/9575
Added marker 220/9575
Added marker 221/9575
Added marker 222/9575
Added marker 223/9575
Added marker 224/9575
Added marker 225/9575
Added marker 226/9575
Added marker 227/9575
Added marker 228/9575
Added marker 229/9575
Added marker 230/9575
Added marker 231/9575
Added marker 232/9575
Added marker 233/9575
Added marker 234/9575
Added marker 235/9575
Added marker 236/9575
Added marker 237/9575
Added marker 238/9575
Added marker 239/9575
Added marker 240/9575
Added marker 241/9575
Added marker 242/9575
Added marker 243/9575
Added marker 244/9575
Added marker 245/9575
Added marker 246/9575
Added marker 247/9575
Added marker 248/9575
Added marker 249/9575
Added marker 250/9575
Added marker 251/9575
Added marker 252/9575
Added marker 253/9575
Added marker 254/9575
Added marker 255/9575
Added marker 256/9575
Added marker 257/9575
Added marker 258/9575
Added marker 259/9575
Added marker 260/9575
Added marker 261/9575
Added marker 262/9575
Added marker 263/9575
Added marker 264/9575
Added marker 265/9575
Added marker 266/9575
Added marker 267/9575
Added marker 268/9575
Added marker 269/9575
Added marker 270/9575
Added marker 271/9575
Added marker 272/9575
Added marker 273/9575
Added marker 274/9575
Added marker 275/9575
Added marker 276/9575
Added marker 277/9575
Added marker 278/9575
Added marker 279/9575
Added marker 280/9575
Added marker 281/9575
Added marker 282/9575
Added marker 283/9575
Added marker 284/9575
Added marker 285/9575
Added marker 286/9575
Added marker 287/9575
Added marker 288/9575
Added marker 289/9575
Added marker 290/9575
Added marker 291/9575
Added marker 292/9575
Added marker 293/9575
Added marker 294/9575
Added marker 295/9575
Added marker 296/9575
Added marker 297/9575
Added marker 298/9575
Added marker 299/9575
Added marker 300/9575
Added marker 301/9575
Added marker 302/9575
Added marker 303/9575
Added marker 304/9575
Added marker 305/9575
Added marker 306/9575
Added marker 307/9575
Added marker 308/9575
Added marker 309/9575
Added marker 310/9575
Added marker 311/9575
Added marker 312/9575
Added marker 313/9575
Added marker 314/9575
Added marker 315/9575
Added marker 316/9575
Added marker 317/9575
Added marker 318/9575
Added marker 319/9575
Added marker 320/9575
Added marker 321/9575
Added marker 322/9575
Added marker 323/9575
Added marker 324/9575
Added marker 325/9575
Added marker 326/9575
Added marker 327/9575
Added marker 328/9575
Added marker 329/9575
Added marker 330/9575
Added marker 331/9575
Added marker 332/9575
Added marker 333/9575
Added marker 334/9575
Added marker 335/9575
Added marker 336/9575
Added marker 337/9575
Added marker 338/9575
Added marker 339/9575
Added marker 340/9575
Added marker 341/9575
Added marker 342/9575
Added marker 343/9575
Added marker 344/9575
Added marker 345/9575
Added marker 346/9575
Added marker 347/9575
Added marker 348/9575
Added marker 349/9575
Added marker 350/9575
Added marker 351/9575
Added marker 352/9575
Added marker 353/9575
Added marker 354/9575
Added marker 355/9575
Added marker 356/9575
Added marker 357/9575
Added marker 358/9575
Added marker 359/9575
Added marker 360/9575
Added marker 361/9575
Added marker 362/9575
Added marker 363/9575
Added marker 364/9575
Added marker 365/9575
Added marker 366/9575
Added marker 367/9575
Added marker 368/9575
Added marker 369/9575
Added marker 370/9575
Added marker 371/9575
Added marker 372/9575
Added marker 373/9575
Added marker 374/9575
Added marker 375/9575
Added marker 376/9575
Added marker 377/9575
Added marker 378/9575
Added marker 379/9575
Added marker 380/9575
Added marker 381/9575
Added marker 382/9575
Added marker 383/9575
Added marker 384/9575
Added marker 385/9575
Added marker 386/9575
Added marker 387/9575
Added marker 388/9575
Added marker 389/9575
Added marker 390/9575
Added marker 391/9575
Added marker 392/9575
Added marker 393/9575
Added marker 394/9575
Added marker 395/9575
Added marker 396/9575
Added marker 397/9575
Added marker 398/9575
Added marker 399/9575
Added marker 400/9575
Added marker 401/9575
Added marker 402/9575
Added marker 403/9575
Added marker 404/9575
Added marker 405/9575
Added marker 406/9575
Added marker 407/9575
Added marker 408/9575
Added marker 409/9575
Added marker 410/9575
Added marker 411/9575
Added marker 412/9575
Added marker 413/9575
Added marker 414/9575
Added marker 415/9575
Added marker 416/9575
Added marker 417/9575
Added marker 418/9575
Added marker 419/9575
Added marker 420/9575
Added marker 421/9575
Added marker 422/9575
Added marker 423/9575
Added marker 424/9575
Added marker 425/9575
Added marker 426/9575
Added marker 427/9575
Added marker 428/9575
Added marker 429/9575
Added marker 430/9575
Added marker 431/9575
Added marker 432/9575
Added marker 433/9575
Added marker 434/9575
Added marker 435/9575
Added marker 436/9575
Added marker 437/9575
Added marker 438/9575
Added marker 439/9575
Added marker 440/9575
Added marker 441/9575
Added marker 442/9575
Added marker 443/9575
Added marker 444/9575
Added marker 445/9575
Added marker 446/9575
Added marker 447/9575
Added marker 448/9575
Added marker 449/9575
Added marker 450/9575
Added marker 451/9575
Added marker 452/9575
Added marker 453/9575
Added marker 454/9575
Added marker 455/9575
Added marker 456/9575
Added marker 457/9575
Added marker 458/9575
Added marker 459/9575
Added marker 460/9575
Added marker 461/9575
Added marker 462/9575
Added marker 463/9575
Added marker 464/9575
Added marker 465/9575
Added marker 466/9575
Added marker 467/9575
Added marker 468/9575
Added marker 469/9575
Added marker 470/9575
Added marker 471/9575
Added marker 472/9575
Added marker 473/9575
Added marker 474/9575
Added marker 475/9575
Added marker 476/9575
Added marker 477/9575
Added marker 478/9575
Added marker 479/9575
Added marker 480/9575
Added marker 481/9575
Added marker 482/9575
Added marker 483/9575
Added marker 484/9575
Added marker 485/9575
Added marker 486/9575
Added marker 487/9575
Added marker 488/9575
Added marker 489/9575
Added marker 490/9575
Added marker 491/9575
Added marker 492/9575
Added marker 493/9575
Added marker 494/9575
Added marker 495/9575
Added marker 496/9575
Added marker 497/9575
Added marker 498/9575
Added marker 499/9575
Added marker 500/9575
Added marker 501/9575
Added marker 502/9575
Added marker 503/9575
Added marker 504/9575
Added marker 505/9575
Added marker 506/9575
Added marker 507/9575
Added marker 508/9575
Added marker 509/9575
Added marker 510/9575
Added marker 511/9575
Added marker 512/9575
Added marker 513/9575
Added marker 514/9575
Added marker 515/9575
Added marker 516/9575
Added marker 517/9575
Added marker 518/9575
Added marker 519/9575
Added marker 520/9575
Added marker 521/9575
Added marker 522/9575
Added marker 523/9575
Added marker 524/9575
Added marker 525/9575
Added marker 526/9575
Added marker 527/9575
Added marker 528/9575
Added marker 529/9575
Added marker 530/9575
Added marker 531/9575
Added marker 532/9575
Added marker 533/9575
Added marker 534/9575
Added marker 535/9575
Added marker 536/9575
Added marker 537/9575
Added marker 538/9575
Added marker 539/9575
Added marker 540/9575
Added marker 541/9575
Added marker 542/9575
Added marker 543/9575
Added marker 544/9575
Added marker 545/9575
Added marker 546/9575
Added marker 547/9575
Added marker 548/9575
Added marker 549/9575
Added marker 550/9575
Added marker 551/9575
Added marker 552/9575
Added marker 553/9575
Added marker 554/9575
Added marker 555/9575
Added marker 556/9575
Added marker 557/9575
Added marker 558/9575
Added marker 559/9575
Added marker 560/9575
Added marker 561/9575
Added marker 562/9575
Added marker 563/9575
Added marker 564/9575
Added marker 565/9575
Added marker 566/9575
Added marker 567/9575
Added marker 568/9575
Added marker 569/9575
Added marker 570/9575
Added marker 571/9575
Added marker 572/9575
Added marker 573/9575
Added marker 574/9575
Added marker 575/9575
Added marker 576/9575
Added marker 577/9575
Added marker 578/9575
Added marker 579/9575
Added marker 580/9575
Added marker 581/9575
Added marker 582/9575
Added marker 583/9575
Added marker 584/9575
Added marker 585/9575
Added marker 586/9575
Added marker 587/9575
Added marker 588/9575
Added marker 589/9575
Added marker 590/9575
Added marker 591/9575
Added marker 592/9575
Added marker 593/9575
Added marker 594/9575
Added marker 595/9575
Added marker 596/9575
Added marker 597/9575
Added marker 598/9575
Added marker 599/9575
Added marker 600/9575
Added marker 601/9575
Added marker 602/9575
Added marker 603/9575
Added marker 604/9575
Added marker 605/9575
Added marker 606/9575
Added marker 607/9575
Added marker 608/9575
Added marker 609/9575
Added marker 610/9575
Added marker 611/9575
Added marker 612/9575
Added marker 613/9575
Added marker 614/9575
Added marker 615/9575
Added marker 616/9575
Added marker 617/9575
Added marker 618/9575
Added marker 619/9575
Added marker 620/9575
Added marker 621/9575
Added marker 622/9575
Added marker 623/9575
Added marker 624/9575
Added marker 625/9575
Added marker 626/9575
Added marker 627/9575
Added marker 628/9575
Added marker 629/9575
Added marker 630/9575
Added marker 631/9575
Added marker 632/9575
Added marker 633/9575
Added marker 634/9575
Added marker 635/9575
Added marker 636/9575
Added marker 637/9575
Added marker 638/9575
Added marker 639/9575
Added marker 640/9575
Added marker 641/9575
Added marker 642/9575
Added marker 643/9575
Added marker 644/9575
Added marker 645/9575
Added marker 646/9575
Added marker 647/9575
Added marker 648/9575
Added marker 649/9575
Added marker 650/9575
Added marker 651/9575
Added marker 652/9575
Added marker 653/9575
Added marker 654/9575
Added marker 655/9575
Added marker 656/9575
Added marker 657/9575
Added marker 658/9575
Added marker 659/9575
Added marker 660/9575
Added marker 661/9575
Added marker 662/9575
Added marker 663/9575
Added marker 664/9575
Added marker 665/9575
Added marker 666/9575
Added marker 667/9575
Added marker 668/9575
Added marker 669/9575
Added marker 670/9575
Added marker 671/9575
Added marker 672/9575
Added marker 673/9575
Added marker 674/9575
Added marker 675/9575
Added marker 676/9575
Added marker 677/9575
Added marker 678/9575
Added marker 679/9575
Added marker 680/9575
Added marker 681/9575
Added marker 682/9575
Added marker 683/9575
Added marker 684/9575
Added marker 685/9575
Added marker 686/9575
Added marker 687/9575
Added marker 688/9575
Added marker 689/9575
Added marker 690/9575
Added marker 691/9575
Added marker 692/9575
Added marker 693/9575
Added marker 694/9575
Added marker 695/9575
Added marker 696/9575
Added marker 697/9575
Added marker 698/9575
Added marker 699/9575
Added marker 700/9575
Added marker 701/9575
Added marker 702/9575
Added marker 703/9575
Added marker 704/9575
Added marker 705/9575
Added marker 706/9575
Added marker 707/9575
Added marker 708/9575
Added marker 709/9575
Added marker 710/9575
Added marker 711/9575
Added marker 712/9575
Added marker 713/9575
Added marker 714/9575
Added marker 715/9575
Added marker 716/9575
Added marker 717/9575
Added marker 718/9575
Added marker 719/9575
Added marker 720/9575
Added marker 721/9575
Added marker 722/9575
Added marker 723/9575
Added marker 724/9575
Added marker 725/9575
Added marker 726/9575
Added marker 727/9575
Added marker 728/9575
Added marker 729/9575
Added marker 730/9575
Added marker 731/9575
Added marker 732/9575
Added marker 733/9575
Added marker 734/9575
Added marker 735/9575
Added marker 736/9575
Added marker 737/9575
Added marker 738/9575
Added marker 739/9575
Added marker 740/9575
Added marker 741/9575
Added marker 742/9575
Added marker 743/9575
Added marker 744/9575
Added marker 745/9575
Added marker 746/9575
Added marker 747/9575
Added marker 748/9575
Added marker 749/9575
Added marker 750/9575
Added marker 751/9575
Added marker 752/9575
Added marker 753/9575
Added marker 754/9575
Added marker 755/9575
Added marker 756/9575
Added marker 757/9575
Added marker 758/9575
Added marker 759/9575
Added marker 760/9575
Added marker 761/9575
Added marker 762/9575
Added marker 763/9575
Added marker 764/9575
Added marker 765/9575
Added marker 766/9575
Added marker 767/9575
Added marker 768/9575
Added marker 769/9575
Added marker 770/9575
Added marker 771/9575
Added marker 772/9575
Added marker 773/9575
Added marker 774/9575
Added marker 775/9575
Added marker 776/9575
Added marker 777/9575
Added marker 778/9575
Added marker 779/9575
Added marker 780/9575
Added marker 781/9575
Added marker 782/9575
Added marker 783/9575
Added marker 784/9575
Added marker 785/9575
Added marker 786/9575
Added marker 787/9575
Added marker 788/9575
Added marker 789/9575
Added marker 790/9575
Added marker 791/9575
Added marker 792/9575
Added marker 793/9575
Added marker 794/9575
Added marker 795/9575
Added marker 796/9575
Added marker 797/9575
Added marker 798/9575
Added marker 799/9575
Added marker 800/9575
Added marker 801/9575
Added marker 802/9575
Added marker 803/9575
Added marker 804/9575
Added marker 805/9575
Added marker 806/9575
Added marker 807/9575
Added marker 808/9575
Added marker 809/9575
Added marker 810/9575
Added marker 811/9575
Added marker 812/9575
Added marker 813/9575
Added marker 814/9575
Added marker 815/9575
Added marker 816/9575
Added marker 817/9575
Added marker 818/9575
Added marker 819/9575
Added marker 820/9575
Added marker 821/9575
Added marker 822/9575
Added marker 823/9575
Added marker 824/9575
Added marker 825/9575
Added marker 826/9575
Added marker 827/9575
Added marker 828/9575
Added marker 829/9575
Added marker 830/9575
Added marker 831/9575
Added marker 832/9575
Added marker 833/9575
Added marker 834/9575
Added marker 835/9575
Added marker 836/9575
Added marker 837/9575
Added marker 838/9575
Added marker 839/9575
Added marker 840/9575
Added marker 841/9575
Added marker 842/9575
Added marker 843/9575
Added marker 844/9575
Added marker 845/9575
Added marker 846/9575
Added marker 847/9575
Added marker 848/9575
Added marker 849/9575
Added marker 850/9575
Added marker 851/9575
Added marker 852/9575
Added marker 853/9575
Added marker 854/9575
Added marker 855/9575
Added marker 856/9575
Added marker 857/9575
Added marker 858/9575
Added marker 859/9575
Added marker 860/9575
Added marker 861/9575
Added marker 862/9575
Added marker 863/9575
Added marker 864/9575
Added marker 865/9575
Added marker 866/9575
Added marker 867/9575
Added marker 868/9575
Added marker 869/9575
Added marker 870/9575
Added marker 871/9575
Added marker 872/9575
Added marker 873/9575
Added marker 874/9575
Added marker 875/9575
Added marker 876/9575
Added marker 877/9575
Added marker 878/9575
Added marker 879/9575
Added marker 880/9575
Added marker 881/9575
Added marker 882/9575
Added marker 883/9575
Added marker 884/9575
Added marker 885/9575
Added marker 886/9575
Added marker 887/9575
Added marker 888/9575
Added marker 889/9575
Added marker 890/9575
Added marker 891/9575
Added marker 892/9575
Added marker 893/9575
Added marker 894/9575
Added marker 895/9575
Added marker 896/9575
Added marker 897/9575
Added marker 898/9575
Added marker 899/9575
Added marker 900/9575
Added marker 901/9575
Added marker 902/9575
Added marker 903/9575
Added marker 904/9575
Added marker 905/9575
Added marker 906/9575
Added marker 907/9575
Added marker 908/9575
Added marker 909/9575
Added marker 910/9575
Added marker 911/9575
Added marker 912/9575
Added marker 913/9575
Added marker 914/9575
Added marker 915/9575
Added marker 916/9575
Added marker 917/9575
Added marker 918/9575
Added marker 919/9575
Added marker 920/9575
Added marker 921/9575
Added marker 922/9575
Added marker 923/9575
Added marker 924/9575
Added marker 925/9575
Added marker 926/9575
Added marker 927/9575
Added marker 928/9575
Added marker 929/9575
Added marker 930/9575
Added marker 931/9575
Added marker 932/9575
Added marker 933/9575
Added marker 934/9575
Added marker 935/9575
Added marker 936/9575
Added marker 937/9575
Added marker 938/9575
Added marker 939/9575
Added marker 940/9575
Added marker 941/9575
Added marker 942/9575
Added marker 943/9575
Added marker 944/9575
Added marker 945/9575
Added marker 946/9575
Added marker 947/9575
Added marker 948/9575
Added marker 949/9575
Added marker 950/9575
Added marker 951/9575
Added marker 952/9575
Added marker 953/9575
Added marker 954/9575
Added marker 955/9575
Added marker 956/9575
Added marker 957/9575
Added marker 958/9575
Added marker 959/9575
Added marker 960/9575
Added marker 961/9575
Added marker 962/9575
Added marker 963/9575
Added marker 964/9575
Added marker 965/9575
Added marker 966/9575
Added marker 967/9575
Added marker 968/9575
Added marker 969/9575
Added marker 970/9575
Added marker 971/9575
Added marker 972/9575
Added marker 973/9575
Added marker 974/9575
Added marker 975/9575
Added marker 976/9575
Added marker 977/9575
Added marker 978/9575
Added marker 979/9575
Added marker 980/9575
Added marker 981/9575
Added marker 982/9575
Added marker 983/9575
Added marker 984/9575
Added marker 985/9575
Added marker 986/9575
Added marker 987/9575
Added marker 988/9575
Added marker 989/9575
Added marker 990/9575
Added marker 991/9575
Added marker 992/9575
Added marker 993/9575
Added marker 994/9575
Added marker 995/9575
Added marker 996/9575
Added marker 997/9575
Added marker 998/9575
Added marker 999/9575
Added marker 1000/9575
Added marker 1001/9575
Added marker 1002/9575
Added marker 1003/9575
Added marker 1004/9575
Added marker 1005/9575
Added marker 1006/9575
Added marker 1007/9575
Added marker 1008/9575
Added marker 1009/9575
Added marker 1010/9575
Added marker 1011/9575
Added marker 1012/9575
Added marker 1013/9575
Added marker 1014/9575
Added marker 1015/9575
Added marker 1016/9575
Added marker 1017/9575
Added marker 1018/9575
Added marker 1019/9575
Added marker 1020/9575
Added marker 1021/9575
Added marker 1022/9575
Added marker 1023/9575
Added marker 1024/9575
Added marker 1025/9575
Added marker 1026/9575
Added marker 1027/9575
Added marker 1028/9575
Added marker 1029/9575
Added marker 1030/9575
Added marker 1031/9575
Added marker 1032/9575
Added marker 1033/9575
Added marker 1034/9575
Added marker 1035/9575
Added marker 1036/9575
Added marker 1037/9575
Added marker 1038/9575
Added marker 1039/9575
Added marker 1040/9575
Added marker 1041/9575
Added marker 1042/9575
Added marker 1043/9575
Added marker 1044/9575
Added marker 1045/9575
Added marker 1046/9575
Added marker 1047/9575
Added marker 1048/9575
Added marker 1049/9575
Added marker 1050/9575
Added marker 1051/9575
Added marker 1052/9575
Added marker 1053/9575
Added marker 1054/9575
Added marker 1055/9575
Added marker 1056/9575
Added marker 1057/9575
Added marker 1058/9575
Added marker 1059/9575
Added marker 1060/9575
Added marker 1061/9575
Added marker 1062/9575
Added marker 1063/9575
Added marker 1064/9575
Added marker 1065/9575
Added marker 1066/9575
Added marker 1067/9575
Added marker 1068/9575
Added marker 1069/9575
Added marker 1070/9575
Added marker 1071/9575
Added marker 1072/9575
Added marker 1073/9575
Added marker 1074/9575
Added marker 1075/9575
Added marker 1076/9575
Added marker 1077/9575
Added marker 1078/9575
Added marker 1079/9575
Added marker 1080/9575
Added marker 1081/9575
Added marker 1082/9575
Added marker 1083/9575
Added marker 1084/9575
Added marker 1085/9575
Added marker 1086/9575
Added marker 1087/9575
Added marker 1088/9575
Added marker 1089/9575
Added marker 1090/9575
Added marker 1091/9575
Added marker 1092/9575
Added marker 1093/9575
Added marker 1094/9575
Added marker 1095/9575
Added marker 1096/9575
Added marker 1097/9575
Added marker 1098/9575
Added marker 1099/9575
Added marker 1100/9575
Added marker 1101/9575
Added marker 1102/9575
Added marker 1103/9575
Added marker 1104/9575
Added marker 1105/9575
Added marker 1106/9575
Added marker 1107/9575
Added marker 1108/9575
Added marker 1109/9575
Added marker 1110/9575
Added marker 1111/9575
Added marker 1112/9575
Added marker 1113/9575
Added marker 1114/9575
Added marker 1115/9575
Added marker 1116/9575
Added marker 1117/9575
Added marker 1118/9575
Added marker 1119/9575
Added marker 1120/9575
Added marker 1121/9575
Added marker 1122/9575
Added marker 1123/9575
Added marker 1124/9575
Added marker 1125/9575
Added marker 1126/9575
Added marker 1127/9575
Added marker 1128/9575
Added marker 1129/9575
Added marker 1130/9575
Added marker 1131/9575
Added marker 1132/9575
Added marker 1133/9575
Added marker 1134/9575
Added marker 1135/9575
Added marker 1136/9575
Added marker 1137/9575
Added marker 1138/9575
Added marker 1139/9575
Added marker 1140/9575
Added marker 1141/9575
Added marker 1142/9575
Added marker 1143/9575
Added marker 1144/9575
Added marker 1145/9575
Added marker 1146/9575
Added marker 1147/9575
Added marker 1148/9575
Added marker 1149/9575
Added marker 1150/9575
Added marker 1151/9575
Added marker 1152/9575
Added marker 1153/9575
Added marker 1154/9575
Added marker 1155/9575
Added marker 1156/9575
Added marker 1157/9575
Added marker 1158/9575
Added marker 1159/9575
Added marker 1160/9575
Added marker 1161/9575
Added marker 1162/9575
Added marker 1163/9575
Added marker 1164/9575
Added marker 1165/9575
Added marker 1166/9575
Added marker 1167/9575
Added marker 1168/9575
Added marker 1169/9575
Added marker 1170/9575
Added marker 1171/9575
Added marker 1172/9575
Added marker 1173/9575
Added marker 1174/9575
Added marker 1175/9575
Added marker 1176/9575
Added marker 1177/9575
Added marker 1178/9575
Added marker 1179/9575
Added marker 1180/9575
Added marker 1181/9575
Added marker 1182/9575
Added marker 1183/9575
Added marker 1184/9575
Added marker 1185/9575
Added marker 1186/9575
Added marker 1187/9575
Added marker 1188/9575
Added marker 1189/9575
Added marker 1190/9575
Added marker 1191/9575
Added marker 1192/9575
Added marker 1193/9575
Added marker 1194/9575
Added marker 1195/9575
Added marker 1196/9575
Added marker 1197/9575
Added marker 1198/9575
Added marker 1199/9575
Added marker 1200/9575
Added marker 1201/9575
Added marker 1202/9575
Added marker 1203/9575
Added marker 1204/9575
Added marker 1205/9575
Added marker 1206/9575
Added marker 1207/9575
Added marker 1208/9575
Added marker 1209/9575
Added marker 1210/9575
Added marker 1211/9575
Added marker 1212/9575
Added marker 1213/9575
Added marker 1214/9575
Added marker 1215/9575
Added marker 1216/9575
Added marker 1217/9575
Added marker 1218/9575
Added marker 1219/9575
Added marker 1220/9575
Added marker 1221/9575
Added marker 1222/9575
Added marker 1223/9575
Added marker 1224/9575
Added marker 1225/9575
Added marker 1226/9575
Added marker 1227/9575
Added marker 1228/9575
Added marker 1229/9575
Added marker 1230/9575
Added marker 1231/9575
Added marker 1232/9575
Added marker 1233/9575
Added marker 1234/9575
Added marker 1235/9575
Added marker 1236/9575
Added marker 1237/9575
Added marker 1238/9575
Added marker 1239/9575
Added marker 1240/9575
Added marker 1241/9575
Added marker 1242/9575
Added marker 1243/9575
Added marker 1244/9575
Added marker 1245/9575
Added marker 1246/9575
Added marker 1247/9575
Added marker 1248/9575
Added marker 1249/9575
Added marker 1250/9575
Added marker 1251/9575
Added marker 1252/9575
Added marker 1253/9575
Added marker 1254/9575
Added marker 1255/9575
Added marker 1256/9575
Added marker 1257/9575
Added marker 1258/9575
Added marker 1259/9575
Added marker 1260/9575
Added marker 1261/9575
Added marker 1262/9575
Added marker 1263/9575
Added marker 1264/9575
Added marker 1265/9575
Added marker 1266/9575
Added marker 1267/9575
Added marker 1268/9575
Added marker 1269/9575
Added marker 1270/9575
Added marker 1271/9575
Added marker 1272/9575
Added marker 1273/9575
Added marker 1274/9575
Added marker 1275/9575
Added marker 1276/9575
Added marker 1277/9575
Added marker 1278/9575
Added marker 1279/9575
Added marker 1280/9575
Added marker 1281/9575
Added marker 1282/9575
Added marker 1283/9575
Added marker 1284/9575
Added marker 1285/9575
Added marker 1286/9575
Added marker 1287/9575
Added marker 1288/9575
Added marker 1289/9575
Added marker 1290/9575
Added marker 1291/9575
Added marker 1292/9575
Added marker 1293/9575
Added marker 1294/9575
Added marker 1295/9575
Added marker 1296/9575
Added marker 1297/9575
Added marker 1298/9575
Added marker 1299/9575
Added marker 1300/9575
Added marker 1301/9575
Added marker 1302/9575
Added marker 1303/9575
Added marker 1304/9575
Added marker 1305/9575
Added marker 1306/9575
Added marker 1307/9575
Added marker 1308/9575
Added marker 1309/9575
Added marker 1310/9575
Added marker 1311/9575
Added marker 1312/9575
Added marker 1313/9575
Added marker 1314/9575
Added marker 1315/9575
Added marker 1316/9575
Added marker 1317/9575
Added marker 1318/9575
Added marker 1319/9575
Added marker 1320/9575
Added marker 1321/9575
Added marker 1322/9575
Added marker 1323/9575
Added marker 1324/9575
Added marker 1325/9575
Added marker 1326/9575
Added marker 1327/9575
Added marker 1328/9575
Added marker 1329/9575
Added marker 1330/9575
Added marker 1331/9575
Added marker 1332/9575
Added marker 1333/9575
Added marker 1334/9575
Added marker 1335/9575
Added marker 1336/9575
Added marker 1337/9575
Added marker 1338/9575
Added marker 1339/9575
Added marker 1340/9575
Added marker 1341/9575
Added marker 1342/9575
Added marker 1343/9575
Added marker 1344/9575
Added marker 1345/9575
Added marker 1346/9575
Added marker 1347/9575
Added marker 1348/9575
Added marker 1349/9575
Added marker 1350/9575
Added marker 1351/9575
Added marker 1352/9575
Added marker 1353/9575
Added marker 1354/9575
Added marker 1355/9575
Added marker 1356/9575
Added marker 1357/9575
Added marker 1358/9575
Added marker 1359/9575
Added marker 1360/9575
Added marker 1361/9575
Added marker 1362/9575
Added marker 1363/9575
Added marker 1364/9575
Added marker 1365/9575
Added marker 1366/9575
Added marker 1367/9575
Added marker 1368/9575
Added marker 1369/9575
Added marker 1370/9575
Added marker 1371/9575
Added marker 1372/9575
Added marker 1373/9575
Added marker 1374/9575
Added marker 1375/9575
Added marker 1376/9575
Added marker 1377/9575
Added marker 1378/9575
Added marker 1379/9575
Added marker 1380/9575
Added marker 1381/9575
Added marker 1382/9575
Added marker 1383/9575
Added marker 1384/9575
Added marker 1385/9575
Added marker 1386/9575
Added marker 1387/9575
Added marker 1388/9575
Added marker 1389/9575
Added marker 1390/9575
Added marker 1391/9575
Added marker 1392/9575
Added marker 1393/9575
Added marker 1394/9575
Added marker 1395/9575
Added marker 1396/9575
Added marker 1397/9575
Added marker 1398/9575
Added marker 1399/9575
Added marker 1400/9575
Added marker 1401/9575
Added marker 1402/9575
Added marker 1403/9575
Added marker 1404/9575
Added marker 1405/9575
Added marker 1406/9575
Added marker 1407/9575
Added marker 1408/9575
Added marker 1409/9575
Added marker 1410/9575
Added marker 1411/9575
Added marker 1412/9575
Added marker 1413/9575
Added marker 1414/9575
Added marker 1415/9575
Added marker 1416/9575
Added marker 1417/9575
Added marker 1418/9575
Added marker 1419/9575
Added marker 1420/9575
Added marker 1421/9575
Added marker 1422/9575
Added marker 1423/9575
Added marker 1424/9575
Added marker 1425/9575
Added marker 1426/9575
Added marker 1427/9575
Added marker 1428/9575
Added marker 1429/9575
Added marker 1430/9575
Added marker 1431/9575
Added marker 1432/9575
Added marker 1433/9575
Added marker 1434/9575
Added marker 1435/9575
Added marker 1436/9575
Added marker 1437/9575
Added marker 1438/9575
Added marker 1439/9575
Added marker 1440/9575
Added marker 1441/9575
Added marker 1442/9575
Added marker 1443/9575
Added marker 1444/9575
Added marker 1445/9575
Added marker 1446/9575
Added marker 1447/9575
Added marker 1448/9575
Added marker 1449/9575
Added marker 1450/9575
Added marker 1451/9575
Added marker 1452/9575
Added marker 1453/9575
Added marker 1454/9575
Added marker 1455/9575
Added marker 1456/9575
Added marker 1457/9575
Added marker 1458/9575
Added marker 1459/9575
Added marker 1460/9575
Added marker 1461/9575
Added marker 1462/9575
Added marker 1463/9575
Added marker 1464/9575
Added marker 1465/9575
Added marker 1466/9575
Added marker 1467/9575
Added marker 1468/9575
Added marker 1469/9575
Added marker 1470/9575
Added marker 1471/9575
Added marker 1472/9575
Added marker 1473/9575
Added marker 1474/9575
Added marker 1475/9575
Added marker 1476/9575
Added marker 1477/9575
Added marker 1478/9575
Added marker 1479/9575
Added marker 1480/9575
Added marker 1481/9575
Added marker 1482/9575
Added marker 1483/9575
Added marker 1484/9575
Added marker 1485/9575
Added marker 1486/9575
Added marker 1487/9575
Added marker 1488/9575
Added marker 1489/9575
Added marker 1490/9575
Added marker 1491/9575
Added marker 1492/9575
Added marker 1493/9575
Added marker 1494/9575
Added marker 1495/9575
Added marker 1496/9575
Added marker 1497/9575
Added marker 1498/9575
Added marker 1499/9575
Added marker 1500/9575
Added marker 1501/9575
Added marker 1502/9575
Added marker 1503/9575
Added marker 1504/9575
Added marker 1505/9575
Added marker 1506/9575
Added marker 1507/9575
Added marker 1508/9575
Added marker 1509/9575
Added marker 1510/9575
Added marker 1511/9575
Added marker 1512/9575
Added marker 1513/9575
Added marker 1514/9575
Added marker 1515/9575
Added marker 1516/9575
Added marker 1517/9575
Added marker 1518/9575
Added marker 1519/9575
Added marker 1520/9575
Added marker 1521/9575
Added marker 1522/9575
Added marker 1523/9575
Added marker 1524/9575
Added marker 1525/9575
Added marker 1526/9575
Added marker 1527/9575
Added marker 1528/9575
Added marker 1529/9575
Added marker 1530/9575
Added marker 1531/9575
Added marker 1532/9575
Added marker 1533/9575
Added marker 1534/9575
Added marker 1535/9575
Added marker 1536/9575
Added marker 1537/9575
Added marker 1538/9575
Added marker 1539/9575
Added marker 1540/9575
Added marker 1541/9575
Added marker 1542/9575
Added marker 1543/9575
Added marker 1544/9575
Added marker 1545/9575
Added marker 1546/9575
Added marker 1547/9575
Added marker 1548/9575
Added marker 1549/9575
Added marker 1550/9575
Added marker 1551/9575
Added marker 1552/9575
Added marker 1553/9575
Added marker 1554/9575
Added marker 1555/9575
Added marker 1556/9575
Added marker 1557/9575
Added marker 1558/9575
Added marker 1559/9575
Added marker 1560/9575
Added marker 1561/9575
Added marker 1562/9575
Added marker 1563/9575
Added marker 1564/9575
Added marker 1565/9575
Added marker 1566/9575
Added marker 1567/9575
Added marker 1568/9575
Added marker 1569/9575
Added marker 1570/9575
Added marker 1571/9575
Added marker 1572/9575
Added marker 1573/9575
Added marker 1574/9575
Added marker 1575/9575
Added marker 1576/9575
Added marker 1577/9575
Added marker 1578/9575
Added marker 1579/9575
Added marker 1580/9575
Added marker 1581/9575
Added marker 1582/9575
Added marker 1583/9575
Added marker 1584/9575
Added marker 1585/9575
Added marker 1586/9575
Added marker 1587/9575
Added marker 1588/9575
Added marker 1589/9575
Added marker 1590/9575
Added marker 1591/9575
Added marker 1592/9575
Added marker 1593/9575
Added marker 1594/9575
Added marker 1595/9575
Added marker 1596/9575
Added marker 1597/9575
Added marker 1598/9575
Added marker 1599/9575
Added marker 1600/9575
Added marker 1601/9575
Added marker 1602/9575
Added marker 1603/9575
Added marker 1604/9575
Added marker 1605/9575
Added marker 1606/9575
Added marker 1607/9575
Added marker 1608/9575
Added marker 1609/9575
Added marker 1610/9575
Added marker 1611/9575
Added marker 1612/9575
Added marker 1613/9575
Added marker 1614/9575
Added marker 1615/9575
Added marker 1616/9575
Added marker 1617/9575
Added marker 1618/9575
Added marker 1619/9575
Added marker 1620/9575
Added marker 1621/9575
Added marker 1622/9575
Added marker 1623/9575
Added marker 1624/9575
Added marker 1625/9575
Added marker 1626/9575
Added marker 1627/9575
Added marker 1628/9575
Added marker 1629/9575
Added marker 1630/9575
Added marker 1631/9575
Added marker 1632/9575
Added marker 1633/9575
Added marker 1634/9575
Added marker 1635/9575
Added marker 1636/9575
Added marker 1637/9575
Added marker 1638/9575
Added marker 1639/9575
Added marker 1640/9575
Added marker 1641/9575
Added marker 1642/9575
Added marker 1643/9575
Added marker 1644/9575
Added marker 1645/9575
Added marker 1646/9575
Added marker 1647/9575
Added marker 1648/9575
Added marker 1649/9575
Added marker 1650/9575
Added marker 1651/9575
Added marker 1652/9575
Added marker 1653/9575
Added marker 1654/9575
Added marker 1655/9575
Added marker 1656/9575
Added marker 1657/9575
Added marker 1658/9575
Added marker 1659/9575
Added marker 1660/9575
Added marker 1661/9575
Added marker 1662/9575
Added marker 1663/9575
Added marker 1664/9575
Added marker 1665/9575
Added marker 1666/9575
Added marker 1667/9575
Added marker 1668/9575
Added marker 1669/9575
Added marker 1670/9575
Added marker 1671/9575
Added marker 1672/9575
Added marker 1673/9575
Added marker 1674/9575
Added marker 1675/9575
Added marker 1676/9575
Added marker 1677/9575
Added marker 1678/9575
Added marker 1679/9575
Added marker 1680/9575
Added marker 1681/9575
Added marker 1682/9575
Added marker 1683/9575
Added marker 1684/9575
Added marker 1685/9575
Added marker 1686/9575
Added marker 1687/9575
Added marker 1688/9575
Added marker 1689/9575
Added marker 1690/9575
Added marker 1691/9575
Added marker 1692/9575
Added marker 1693/9575
Added marker 1694/9575
Added marker 1695/9575
Added marker 1696/9575
Added marker 1697/9575
Added marker 1698/9575
Added marker 1699/9575
Added marker 1700/9575
Added marker 1701/9575
Added marker 1702/9575
Added marker 1703/9575
Added marker 1704/9575
Added marker 1705/9575
Added marker 1706/9575
Added marker 1707/9575
Added marker 1708/9575
Added marker 1709/9575
Added marker 1710/9575
Added marker 1711/9575
Added marker 1712/9575
Added marker 1713/9575
Added marker 1714/9575
Added marker 1715/9575
Added marker 1716/9575
Added marker 1717/9575
Added marker 1718/9575
Added marker 1719/9575
Added marker 1720/9575
Added marker 1721/9575
Added marker 1722/9575
Added marker 1723/9575
Added marker 1724/9575
Added marker 1725/9575
Added marker 1726/9575
Added marker 1727/9575
Added marker 1728/9575
Added marker 1729/9575
Added marker 1730/9575
Added marker 1731/9575
Added marker 1732/9575
Added marker 1733/9575
Added marker 1734/9575
Added marker 1735/9575
Added marker 1736/9575
Added marker 1737/9575
Added marker 1738/9575
Added marker 1739/9575
Added marker 1740/9575
Added marker 1741/9575
Added marker 1742/9575
Added marker 1743/9575
Added marker 1744/9575
Added marker 1745/9575
Added marker 1746/9575
Added marker 1747/9575
Added marker 1748/9575
Added marker 1749/9575
Added marker 1750/9575
Added marker 1751/9575
Added marker 1752/9575
Added marker 1753/9575
Added marker 1754/9575
Added marker 1755/9575
Added marker 1756/9575
Added marker 1757/9575
Added marker 1758/9575
Added marker 1759/9575
Added marker 1760/9575
Added marker 1761/9575
Added marker 1762/9575
Added marker 1763/9575
Added marker 1764/9575
Added marker 1765/9575
Added marker 1766/9575
Added marker 1767/9575
Added marker 1768/9575
Added marker 1769/9575
Added marker 1770/9575
Added marker 1771/9575
Added marker 1772/9575
Added marker 1773/9575
Added marker 1774/9575
Added marker 1775/9575
Added marker 1776/9575
Added marker 1777/9575
Added marker 1778/9575
Added marker 1779/9575
Added marker 1780/9575
Added marker 1781/9575
Added marker 1782/9575
Added marker 1783/9575
Added marker 1784/9575
Added marker 1785/9575
Added marker 1786/9575
Added marker 1787/9575
Added marker 1788/9575
Added marker 1789/9575
Added marker 1790/9575
Added marker 1791/9575
Added marker 1792/9575
Added marker 1793/9575
Added marker 1794/9575
Added marker 1795/9575
Added marker 1796/9575
Added marker 1797/9575
Added marker 1798/9575
Added marker 1799/9575
Added marker 1800/9575
Added marker 1801/9575
Added marker 1802/9575
Added marker 1803/9575
Added marker 1804/9575
Added marker 1805/9575
Added marker 1806/9575
Added marker 1807/9575
Added marker 1808/9575
Added marker 1809/9575
Added marker 1810/9575
Added marker 1811/9575
Added marker 1812/9575
Added marker 1813/9575
Added marker 1814/9575
Added marker 1815/9575
Added marker 1816/9575
Added marker 1817/9575
Added marker 1818/9575
Added marker 1819/9575
Added marker 1820/9575
Added marker 1821/9575
Added marker 1822/9575
Added marker 1823/9575
Added marker 1824/9575
Added marker 1825/9575
Added marker 1826/9575
Added marker 1827/9575
Added marker 1828/9575
Added marker 1829/9575
Added marker 1830/9575
Added marker 1831/9575
Added marker 1832/9575
Added marker 1833/9575
Added marker 1834/9575
Added marker 1835/9575
Added marker 1836/9575
Added marker 1837/9575
Added marker 1838/9575
Added marker 1839/9575
Added marker 1840/9575
Added marker 1841/9575
Added marker 1842/9575
Added marker 1843/9575
Added marker 1844/9575
Added marker 1845/9575
Added marker 1846/9575
Added marker 1847/9575
Added marker 1848/9575
Added marker 1849/9575
Added marker 1850/9575
Added marker 1851/9575
Added marker 1852/9575
Added marker 1853/9575
Added marker 1854/9575
Added marker 1855/9575
Added marker 1856/9575
Added marker 1857/9575
Added marker 1858/9575
Added marker 1859/9575
Added marker 1860/9575
Added marker 1861/9575
Added marker 1862/9575
Added marker 1863/9575
Added marker 1864/9575
Added marker 1865/9575
Added marker 1866/9575
Added marker 1867/9575
Added marker 1868/9575
Added marker 1869/9575
Added marker 1870/9575
Added marker 1871/9575
Added marker 1872/9575
Added marker 1873/9575
Added marker 1874/9575
Added marker 1875/9575
Added marker 1876/9575
Added marker 1877/9575
Added marker 1878/9575
Added marker 1879/9575
Added marker 1880/9575
Added marker 1881/9575
Added marker 1882/9575
Added marker 1883/9575
Added marker 1884/9575
Added marker 1885/9575
Added marker 1886/9575
Added marker 1887/9575
Added marker 1888/9575
Added marker 1889/9575
Added marker 1890/9575
Added marker 1891/9575
Added marker 1892/9575
Added marker 1893/9575
Added marker 1894/9575
Added marker 1895/9575
Added marker 1896/9575
Added marker 1897/9575
Added marker 1898/9575
Added marker 1899/9575
Added marker 1900/9575
Added marker 1901/9575
Added marker 1902/9575
Added marker 1903/9575
Added marker 1904/9575
Added marker 1905/9575
Added marker 1906/9575
Added marker 1907/9575
Added marker 1908/9575
Added marker 1909/9575
Added marker 1910/9575
Added marker 1911/9575
Added marker 1912/9575
Added marker 1913/9575
Added marker 1914/9575
Added marker 1915/9575
Added marker 1916/9575
Added marker 1917/9575
Added marker 1918/9575
Added marker 1919/9575
Added marker 1920/9575
Added marker 1921/9575
Added marker 1922/9575
Added marker 1923/9575
Added marker 1924/9575
Added marker 1925/9575
Added marker 1926/9575
Added marker 1927/9575
Added marker 1928/9575
Added marker 1929/9575
Added marker 1930/9575
Added marker 1931/9575
Added marker 1932/9575
Added marker 1933/9575
Added marker 1934/9575
Added marker 1935/9575
Added marker 1936/9575
Added marker 1937/9575
Added marker 1938/9575
Added marker 1939/9575
Added marker 1940/9575
Added marker 1941/9575
Added marker 1942/9575
Added marker 1943/9575
Added marker 1944/9575
Added marker 1945/9575
Added marker 1946/9575
Added marker 1947/9575
Added marker 1948/9575
Added marker 1949/9575
Added marker 1950/9575
Added marker 1951/9575
Added marker 1952/9575
Added marker 1953/9575
Added marker 1954/9575
Added marker 1955/9575
Added marker 1956/9575
Added marker 1957/9575
Added marker 1958/9575
Added marker 1959/9575
Added marker 1960/9575
Added marker 1961/9575
Added marker 1962/9575
Added marker 1963/9575
Added marker 1964/9575
Added marker 1965/9575
Added marker 1966/9575
Added marker 1967/9575
Added marker 1968/9575
Added marker 1969/9575
Added marker 1970/9575
Added marker 1971/9575
Added marker 1972/9575
Added marker 1973/9575
Added marker 1974/9575
Added marker 1975/9575
Added marker 1976/9575
Added marker 1977/9575
Added marker 1978/9575
Added marker 1979/9575
Added marker 1980/9575
Added marker 1981/9575
Added marker 1982/9575
Added marker 1983/9575
Added marker 1984/9575
Added marker 1985/9575
Added marker 1986/9575
Added marker 1987/9575
Added marker 1988/9575
Added marker 1989/9575
Added marker 1990/9575
Added marker 1991/9575
Added marker 1992/9575
Added marker 1993/9575
Added marker 1994/9575
Added marker 1995/9575
Added marker 1996/9575
Added marker 1997/9575
Added marker 1998/9575
Added marker 1999/9575
Added marker 2000/9575
Added marker 2001/9575
Added marker 2002/9575
Added marker 2003/9575
Added marker 2004/9575
Added marker 2005/9575
Added marker 2006/9575
Added marker 2007/9575
Added marker 2008/9575
Added marker 2009/9575
Added marker 2010/9575
Added marker 2011/9575
Added marker 2012/9575
Added marker 2013/9575
Added marker 2014/9575
Added marker 2015/9575
Added marker 2016/9575
Added marker 2017/9575
Added marker 2018/9575
Added marker 2019/9575
Added marker 2020/9575
Added marker 2021/9575
Added marker 2022/9575
Added marker 2023/9575
Added marker 2024/9575
Added marker 2025/9575
Added marker 2026/9575
Added marker 2027/9575
Added marker 2028/9575
Added marker 2029/9575
Added marker 2030/9575
Added marker 2031/9575
Added marker 2032/9575
Added marker 2033/9575
Added marker 2034/9575
Added marker 2035/9575
Added marker 2036/9575
Added marker 2037/9575
Added marker 2038/9575
Added marker 2039/9575
Added marker 2040/9575
Added marker 2041/9575
Added marker 2042/9575
Added marker 2043/9575
Added marker 2044/9575
Added marker 2045/9575
Added marker 2046/9575
Added marker 2047/9575
Added marker 2048/9575
Added marker 2049/9575
Added marker 2050/9575
Added marker 2051/9575
Added marker 2052/9575
Added marker 2053/9575
Added marker 2054/9575
Added marker 2055/9575
Added marker 2056/9575
Added marker 2057/9575
Added marker 2058/9575
Added marker 2059/9575
Added marker 2060/9575
Added marker 2061/9575
Added marker 2062/9575
Added marker 2063/9575
Added marker 2064/9575
Added marker 2065/9575
Added marker 2066/9575
Added marker 2067/9575
Added marker 2068/9575
Added marker 2069/9575
Added marker 2070/9575
Added marker 2071/9575
Added marker 2072/9575
Added marker 2073/9575
Added marker 2074/9575
Added marker 2075/9575
Added marker 2076/9575
Added marker 2077/9575
Added marker 2078/9575
Added marker 2079/9575
Added marker 2080/9575
Added marker 2081/9575
Added marker 2082/9575
Added marker 2083/9575
Added marker 2084/9575
Added marker 2085/9575
Added marker 2086/9575
Added marker 2087/9575
Added marker 2088/9575
Added marker 2089/9575
Added marker 2090/9575
Added marker 2091/9575
Added marker 2092/9575
Added marker 2093/9575
Added marker 2094/9575
Added marker 2095/9575
Added marker 2096/9575
Added marker 2097/9575
Added marker 2098/9575
Added marker 2099/9575
Added marker 2100/9575
Added marker 2101/9575
Added marker 2102/9575
Added marker 2103/9575
Added marker 2104/9575
Added marker 2105/9575
Added marker 2106/9575
Added marker 2107/9575
Added marker 2108/9575
Added marker 2109/9575
Added marker 2110/9575
Added marker 2111/9575
Added marker 2112/9575
Added marker 2113/9575
Added marker 2114/9575
Added marker 2115/9575
Added marker 2116/9575
Added marker 2117/9575
Added marker 2118/9575
Added marker 2119/9575
Added marker 2120/9575
Added marker 2121/9575
Added marker 2122/9575
Added marker 2123/9575
Added marker 2124/9575
Added marker 2125/9575
Added marker 2126/9575
Added marker 2127/9575
Added marker 2128/9575
Added marker 2129/9575
Added marker 2130/9575
Added marker 2131/9575
Added marker 2132/9575
Added marker 2133/9575
Added marker 2134/9575
Added marker 2135/9575
Added marker 2136/9575
Added marker 2137/9575
Added marker 2138/9575
Added marker 2139/9575
Added marker 2140/9575
Added marker 2141/9575
Added marker 2142/9575
Added marker 2143/9575
Added marker 2144/9575
Added marker 2145/9575
Added marker 2146/9575
Added marker 2147/9575
Added marker 2148/9575
Added marker 2149/9575
Added marker 2150/9575
Added marker 2151/9575
Added marker 2152/9575
Added marker 2153/9575
Added marker 2154/9575
Added marker 2155/9575
Added marker 2156/9575
Added marker 2157/9575
Added marker 2158/9575
Added marker 2159/9575
Added marker 2160/9575
Added marker 2161/9575
Added marker 2162/9575
Added marker 2163/9575
Added marker 2164/9575
Added marker 2165/9575
Added marker 2166/9575
Added marker 2167/9575
Added marker 2168/9575
Added marker 2169/9575
Added marker 2170/9575
Added marker 2171/9575
Added marker 2172/9575
Added marker 2173/9575
Added marker 2174/9575
Added marker 2175/9575
Added marker 2176/9575
Added marker 2177/9575
Added marker 2178/9575
Added marker 2179/9575
Added marker 2180/9575
Added marker 2181/9575
Added marker 2182/9575
Added marker 2183/9575
Added marker 2184/9575
Added marker 2185/9575
Added marker 2186/9575
Added marker 2187/9575
Added marker 2188/9575
Added marker 2189/9575
Added marker 2190/9575
Added marker 2191/9575
Added marker 2192/9575
Added marker 2193/9575
Added marker 2194/9575
Added marker 2195/9575
Added marker 2196/9575
Added marker 2197/9575
Added marker 2198/9575
Added marker 2199/9575
Added marker 2200/9575
Added marker 2201/9575
Added marker 2202/9575
Added marker 2203/9575
Added marker 2204/9575
Added marker 2205/9575
Added marker 2206/9575
Added marker 2207/9575
Added marker 2208/9575
Added marker 2209/9575
Added marker 2210/9575
Added marker 2211/9575
Added marker 2212/9575
Added marker 2213/9575
Added marker 2214/9575
Added marker 2215/9575
Added marker 2216/9575
Added marker 2217/9575
Added marker 2218/9575
Added marker 2219/9575
Added marker 2220/9575
Added marker 2221/9575
Added marker 2222/9575
Added marker 2223/9575
Added marker 2224/9575
Added marker 2225/9575
Added marker 2226/9575
Added marker 2227/9575
Added marker 2228/9575
Added marker 2229/9575
Added marker 2230/9575
Added marker 2231/9575
Added marker 2232/9575
Added marker 2233/9575
Added marker 2234/9575
Added marker 2235/9575
Added marker 2236/9575
Added marker 2237/9575
Added marker 2238/9575
Added marker 2239/9575
Added marker 2240/9575
Added marker 2241/9575
Added marker 2242/9575
Added marker 2243/9575
Added marker 2244/9575
Added marker 2245/9575
Added marker 2246/9575
Added marker 2247/9575
Added marker 2248/9575
Added marker 2249/9575
Added marker 2250/9575
Added marker 2251/9575
Added marker 2252/9575
Added marker 2253/9575
Added marker 2254/9575
Added marker 2255/9575
Added marker 2256/9575
Added marker 2257/9575
Added marker 2258/9575
Added marker 2259/9575
Added marker 2260/9575
Added marker 2261/9575
Added marker 2262/9575
Added marker 2263/9575
Added marker 2264/9575
Added marker 2265/9575
Added marker 2266/9575
Added marker 2267/9575
Added marker 2268/9575
Added marker 2269/9575
Added marker 2270/9575
Added marker 2271/9575
Added marker 2272/9575
Added marker 2273/9575
Added marker 2274/9575
Added marker 2275/9575
Added marker 2276/9575
Added marker 2277/9575
Added marker 2278/9575
Added marker 2279/9575
Added marker 2280/9575
Added marker 2281/9575
Added marker 2282/9575
Added marker 2283/9575
Added marker 2284/9575
Added marker 2285/9575
Added marker 2286/9575
Added marker 2287/9575
Added marker 2288/9575
Added marker 2289/9575
Added marker 2290/9575
Added marker 2291/9575
Added marker 2292/9575
Added marker 2293/9575
Added marker 2294/9575
Added marker 2295/9575
Added marker 2296/9575
Added marker 2297/9575
Added marker 2298/9575
Added marker 2299/9575
Added marker 2300/9575
Added marker 2301/9575
Added marker 2302/9575
Added marker 2303/9575
Added marker 2304/9575
Added marker 2305/9575
Added marker 2306/9575
Added marker 2307/9575
Added marker 2308/9575
Added marker 2309/9575
Added marker 2310/9575
Added marker 2311/9575
Added marker 2312/9575
Added marker 2313/9575
Added marker 2314/9575
Added marker 2315/9575
Added marker 2316/9575
Added marker 2317/9575
Added marker 2318/9575
Added marker 2319/9575
Added marker 2320/9575
Added marker 2321/9575
Added marker 2322/9575
Added marker 2323/9575
Added marker 2324/9575
Added marker 2325/9575
Added marker 2326/9575
Added marker 2327/9575
Added marker 2328/9575
Added marker 2329/9575
Added marker 2330/9575
Added marker 2331/9575
Added marker 2332/9575
Added marker 2333/9575
Added marker 2334/9575
Added marker 2335/9575
Added marker 2336/9575
Added marker 2337/9575
Added marker 2338/9575
Added marker 2339/9575
Added marker 2340/9575
Added marker 2341/9575
Added marker 2342/9575
Added marker 2343/9575
Added marker 2344/9575
Added marker 2345/9575
Added marker 2346/9575
Added marker 2347/9575
Added marker 2348/9575
Added marker 2349/9575
Added marker 2350/9575
Added marker 2351/9575
Added marker 2352/9575
Added marker 2353/9575
Added marker 2354/9575
Added marker 2355/9575
Added marker 2356/9575
Added marker 2357/9575
Added marker 2358/9575
Added marker 2359/9575
Added marker 2360/9575
Added marker 2361/9575
Added marker 2362/9575
Added marker 2363/9575
Added marker 2364/9575
Added marker 2365/9575
Added marker 2366/9575
Added marker 2367/9575
Added marker 2368/9575
Added marker 2369/9575
Added marker 2370/9575
Added marker 2371/9575
Added marker 2372/9575
Added marker 2373/9575
Added marker 2374/9575
Added marker 2375/9575
Added marker 2376/9575
Added marker 2377/9575
Added marker 2378/9575
Added marker 2379/9575
Added marker 2380/9575
Added marker 2381/9575
Added marker 2382/9575
Added marker 2383/9575
Added marker 2384/9575
Added marker 2385/9575
Added marker 2386/9575
Added marker 2387/9575
Added marker 2388/9575
Added marker 2389/9575
Added marker 2390/9575
Added marker 2391/9575
Added marker 2392/9575
Added marker 2393/9575
Added marker 2394/9575
Added marker 2395/9575
Added marker 2396/9575
Added marker 2397/9575
Added marker 2398/9575
Added marker 2399/9575
Added marker 2400/9575
Added marker 2401/9575
Added marker 2402/9575
Added marker 2403/9575
Added marker 2404/9575
Added marker 2405/9575
Added marker 2406/9575
Added marker 2407/9575
Added marker 2408/9575
Added marker 2409/9575
Added marker 2410/9575
Added marker 2411/9575
Added marker 2412/9575
Added marker 2413/9575
Added marker 2414/9575
Added marker 2415/9575
Added marker 2416/9575
Added marker 2417/9575
Added marker 2418/9575
Added marker 2419/9575
Added marker 2420/9575
Added marker 2421/9575
Added marker 2422/9575
Added marker 2423/9575
Added marker 2424/9575
Added marker 2425/9575
Added marker 2426/9575
Added marker 2427/9575
Added marker 2428/9575
Added marker 2429/9575
Added marker 2430/9575
Added marker 2431/9575
Added marker 2432/9575
Added marker 2433/9575
Added marker 2434/9575
Added marker 2435/9575
Added marker 2436/9575
Added marker 2437/9575
Added marker 2438/9575
Added marker 2439/9575
Added marker 2440/9575
Added marker 2441/9575
Added marker 2442/9575
Added marker 2443/9575
Added marker 2444/9575
Added marker 2445/9575
Added marker 2446/9575
Added marker 2447/9575
Added marker 2448/9575
Added marker 2449/9575
Added marker 2450/9575
Added marker 2451/9575
Added marker 2452/9575
Added marker 2453/9575
Added marker 2454/9575
Added marker 2455/9575
Added marker 2456/9575
Added marker 2457/9575
Added marker 2458/9575
Added marker 2459/9575
Added marker 2460/9575
Added marker 2461/9575
Added marker 2462/9575
Added marker 2463/9575
Added marker 2464/9575
Added marker 2465/9575
Added marker 2466/9575
Added marker 2467/9575
Added marker 2468/9575
Added marker 2469/9575
Added marker 2470/9575
Added marker 2471/9575
Added marker 2472/9575
Added marker 2473/9575
Added marker 2474/9575
Added marker 2475/9575
Added marker 2476/9575
Added marker 2477/9575
Added marker 2478/9575
Added marker 2479/9575
Added marker 2480/9575
Added marker 2481/9575
Added marker 2482/9575
Added marker 2483/9575
Added marker 2484/9575
Added marker 2485/9575
Added marker 2486/9575
Added marker 2487/9575
Added marker 2488/9575
Added marker 2489/9575
Added marker 2490/9575
Added marker 2491/9575
Added marker 2492/9575
Added marker 2493/9575
Added marker 2494/9575
Added marker 2495/9575
Added marker 2496/9575
Added marker 2497/9575
Added marker 2498/9575
Added marker 2499/9575
Added marker 2500/9575
Added marker 2501/9575
Added marker 2502/9575
Added marker 2503/9575
Added marker 2504/9575
Added marker 2505/9575
Added marker 2506/9575
Added marker 2507/9575
Added marker 2508/9575
Added marker 2509/9575
Added marker 2510/9575
Added marker 2511/9575
Added marker 2512/9575
Added marker 2513/9575
Added marker 2514/9575
Added marker 2515/9575
Added marker 2516/9575
Added marker 2517/9575
Added marker 2518/9575
Added marker 2519/9575
Added marker 2520/9575
Added marker 2521/9575
Added marker 2522/9575
Added marker 2523/9575
Added marker 2524/9575
Added marker 2525/9575
Added marker 2526/9575
Added marker 2527/9575
Added marker 2528/9575
Added marker 2529/9575
Added marker 2530/9575
Added marker 2531/9575
Added marker 2532/9575
Added marker 2533/9575
Added marker 2534/9575
Added marker 2535/9575
Added marker 2536/9575
Added marker 2537/9575
Added marker 2538/9575
Added marker 2539/9575
Added marker 2540/9575
Added marker 2541/9575
Added marker 2542/9575
Added marker 2543/9575
Added marker 2544/9575
Added marker 2545/9575
Added marker 2546/9575
Added marker 2547/9575
Added marker 2548/9575
Added marker 2549/9575
Added marker 2550/9575
Added marker 2551/9575
Added marker 2552/9575
Added marker 2553/9575
Added marker 2554/9575
Added marker 2555/9575
Added marker 2556/9575
Added marker 2557/9575
Added marker 2558/9575
Added marker 2559/9575
Added marker 2560/9575
Added marker 2561/9575
Added marker 2562/9575
Added marker 2563/9575
Added marker 2564/9575
Added marker 2565/9575
Added marker 2566/9575
Added marker 2567/9575
Added marker 2568/9575
Added marker 2569/9575
Added marker 2570/9575
Added marker 2571/9575
Added marker 2572/9575
Added marker 2573/9575
Added marker 2574/9575
Added marker 2575/9575
Added marker 2576/9575
Added marker 2577/9575
Added marker 2578/9575
Added marker 2579/9575
Added marker 2580/9575
Added marker 2581/9575
Added marker 2582/9575
Added marker 2583/9575
Added marker 2584/9575
Added marker 2585/9575
Added marker 2586/9575
Added marker 2587/9575
Added marker 2588/9575
Added marker 2589/9575
Added marker 2590/9575
Added marker 2591/9575
Added marker 2592/9575
Added marker 2593/9575
Added marker 2594/9575
Added marker 2595/9575
Added marker 2596/9575
Added marker 2597/9575
Added marker 2598/9575
Added marker 2599/9575
Added marker 2600/9575
Added marker 2601/9575
Added marker 2602/9575
Added marker 2603/9575
Added marker 2604/9575
Added marker 2605/9575
Added marker 2606/9575
Added marker 2607/9575
Added marker 2608/9575
Added marker 2609/9575
Added marker 2610/9575
Added marker 2611/9575
Added marker 2612/9575
Added marker 2613/9575
Added marker 2614/9575
Added marker 2615/9575
Added marker 2616/9575
Added marker 2617/9575
Added marker 2618/9575
Added marker 2619/9575
Added marker 2620/9575
Added marker 2621/9575
Added marker 2622/9575
Added marker 2623/9575
Added marker 2624/9575
Added marker 2625/9575
Added marker 2626/9575
Added marker 2627/9575
Added marker 2628/9575
Added marker 2629/9575
Added marker 2630/9575
Added marker 2631/9575
Added marker 2632/9575
Added marker 2633/9575
Added marker 2634/9575
Added marker 2635/9575
Added marker 2636/9575
Added marker 2637/9575
Added marker 2638/9575
Added marker 2639/9575
Added marker 2640/9575
Added marker 2641/9575
Added marker 2642/9575
Added marker 2643/9575
Added marker 2644/9575
Added marker 2645/9575
Added marker 2646/9575
Added marker 2647/9575
Added marker 2648/9575
Added marker 2649/9575
Added marker 2650/9575
Added marker 2651/9575
Added marker 2652/9575
Added marker 2653/9575
Added marker 2654/9575
Added marker 2655/9575
Added marker 2656/9575
Added marker 2657/9575
Added marker 2658/9575
Added marker 2659/9575
Added marker 2660/9575
Added marker 2661/9575
Added marker 2662/9575
Added marker 2663/9575
Added marker 2664/9575
Added marker 2665/9575
Added marker 2666/9575
Added marker 2667/9575
Added marker 2668/9575
Added marker 2669/9575
Added marker 2670/9575
Added marker 2671/9575
Added marker 2672/9575
Added marker 2673/9575
Added marker 2674/9575
Added marker 2675/9575
Added marker 2676/9575
Added marker 2677/9575
Added marker 2678/9575
Added marker 2679/9575
Added marker 2680/9575
Added marker 2681/9575
Added marker 2682/9575
Added marker 2683/9575
Added marker 2684/9575
Added marker 2685/9575
Added marker 2686/9575
Added marker 2687/9575
Added marker 2688/9575
Added marker 2689/9575
Added marker 2690/9575
Added marker 2691/9575
Added marker 2692/9575
Added marker 2693/9575
Added marker 2694/9575
Added marker 2695/9575
Added marker 2696/9575
Added marker 2697/9575
Added marker 2698/9575
Added marker 2699/9575
Added marker 2700/9575
Added marker 2701/9575
Added marker 2702/9575
Added marker 2703/9575
Added marker 2704/9575
Added marker 2705/9575
Added marker 2706/9575
Added marker 2707/9575
Added marker 2708/9575
Added marker 2709/9575
Added marker 2710/9575
Added marker 2711/9575
Added marker 2712/9575
Added marker 2713/9575
Added marker 2714/9575
Added marker 2715/9575
Added marker 2716/9575
Added marker 2717/9575
Added marker 2718/9575
Added marker 2719/9575
Added marker 2720/9575
Added marker 2721/9575
Added marker 2722/9575
Added marker 2723/9575
Added marker 2724/9575
Added marker 2725/9575
Added marker 2726/9575
Added marker 2727/9575
Added marker 2728/9575
Added marker 2729/9575
Added marker 2730/9575
Added marker 2731/9575
Added marker 2732/9575
Added marker 2733/9575
Added marker 2734/9575
Added marker 2735/9575
Added marker 2736/9575
Added marker 2737/9575
Added marker 2738/9575
Added marker 2739/9575
Added marker 2740/9575
Added marker 2741/9575
Added marker 2742/9575
Added marker 2743/9575
Added marker 2744/9575
Added marker 2745/9575
Added marker 2746/9575
Added marker 2747/9575
Added marker 2748/9575
Added marker 2749/9575
Added marker 2750/9575
Added marker 2751/9575
Added marker 2752/9575
Added marker 2753/9575
Added marker 2754/9575
Added marker 2755/9575
Added marker 2756/9575
Added marker 2757/9575
Added marker 2758/9575
Added marker 2759/9575
Added marker 2760/9575
Added marker 2761/9575
Added marker 2762/9575
Added marker 2763/9575
Added marker 2764/9575
Added marker 2765/9575
Added marker 2766/9575
Added marker 2767/9575
Added marker 2768/9575
Added marker 2769/9575
Added marker 2770/9575
Added marker 2771/9575
Added marker 2772/9575
Added marker 2773/9575
Added marker 2774/9575
Added marker 2775/9575
Added marker 2776/9575
Added marker 2777/9575
Added marker 2778/9575
Added marker 2779/9575
Added marker 2780/9575
Added marker 2781/9575
Added marker 2782/9575
Added marker 2783/9575
Added marker 2784/9575
Added marker 2785/9575
Added marker 2786/9575
Added marker 2787/9575
Added marker 2788/9575
Added marker 2789/9575
Added marker 2790/9575
Added marker 2791/9575
Added marker 2792/9575
Added marker 2793/9575
Added marker 2794/9575
Added marker 2795/9575
Added marker 2796/9575
Added marker 2797/9575
Added marker 2798/9575
Added marker 2799/9575
Added marker 2800/9575
Added marker 2801/9575
Added marker 2802/9575
Added marker 2803/9575
Added marker 2804/9575
Added marker 2805/9575
Added marker 2806/9575
Added marker 2807/9575
Added marker 2808/9575
Added marker 2809/9575
Added marker 2810/9575
Added marker 2811/9575
Added marker 2812/9575
Added marker 2813/9575
Added marker 2814/9575
Added marker 2815/9575
Added marker 2816/9575
Added marker 2817/9575
Added marker 2818/9575
Added marker 2819/9575
Added marker 2820/9575
Added marker 2821/9575
Added marker 2822/9575
Added marker 2823/9575
Added marker 2824/9575
Added marker 2825/9575
Added marker 2826/9575
Added marker 2827/9575
Added marker 2828/9575
Added marker 2829/9575
Added marker 2830/9575
Added marker 2831/9575
Added marker 2832/9575
Added marker 2833/9575
Added marker 2834/9575
Added marker 2835/9575
Added marker 2836/9575
Added marker 2837/9575
Added marker 2838/9575
Added marker 2839/9575
Added marker 2840/9575
Added marker 2841/9575
Added marker 2842/9575
Added marker 2843/9575
Added marker 2844/9575
Added marker 2845/9575
Added marker 2846/9575
Added marker 2847/9575
Added marker 2848/9575
Added marker 2849/9575
Added marker 2850/9575
Added marker 2851/9575
Added marker 2852/9575
Added marker 2853/9575
Added marker 2854/9575
Added marker 2855/9575
Added marker 2856/9575
Added marker 2857/9575
Added marker 2858/9575
Added marker 2859/9575
Added marker 2860/9575
Added marker 2861/9575
Added marker 2862/9575
Added marker 2863/9575
Added marker 2864/9575
Added marker 2865/9575
Added marker 2866/9575
Added marker 2867/9575
Added marker 2868/9575
Added marker 2869/9575
Added marker 2870/9575
Added marker 2871/9575
Added marker 2872/9575
Added marker 2873/9575
Added marker 2874/9575
Added marker 2875/9575
Added marker 2876/9575
Added marker 2877/9575
Added marker 2878/9575
Added marker 2879/9575
Added marker 2880/9575
Added marker 2881/9575
Added marker 2882/9575
Added marker 2883/9575
Added marker 2884/9575
Added marker 2885/9575
Added marker 2886/9575
Added marker 2887/9575
Added marker 2888/9575
Added marker 2889/9575
Added marker 2890/9575
Added marker 2891/9575
Added marker 2892/9575
Added marker 2893/9575
Added marker 2894/9575
Added marker 2895/9575
Added marker 2896/9575
Added marker 2897/9575
Added marker 2898/9575
Added marker 2899/9575
Added marker 2900/9575
Added marker 2901/9575
Added marker 2902/9575
Added marker 2903/9575
Added marker 2904/9575
Added marker 2905/9575
Added marker 2906/9575
Added marker 2907/9575
Added marker 2908/9575
Added marker 2909/9575
Added marker 2910/9575
Added marker 2911/9575
Added marker 2912/9575
Added marker 2913/9575
Added marker 2914/9575
Added marker 2915/9575
Added marker 2916/9575
Added marker 2917/9575
Added marker 2918/9575
Added marker 2919/9575
Added marker 2920/9575
Added marker 2921/9575
Added marker 2922/9575
Added marker 2923/9575
Added marker 2924/9575
Added marker 2925/9575
Added marker 2926/9575
Added marker 2927/9575
Added marker 2928/9575
Added marker 2929/9575
Added marker 2930/9575
Added marker 2931/9575
Added marker 2932/9575
Added marker 2933/9575
Added marker 2934/9575
Added marker 2935/9575
Added marker 2936/9575
Added marker 2937/9575
Added marker 2938/9575
Added marker 2939/9575
Added marker 2940/9575
Added marker 2941/9575
Added marker 2942/9575
Added marker 2943/9575
Added marker 2944/9575
Added marker 2945/9575
Added marker 2946/9575
Added marker 2947/9575
Added marker 2948/9575
Added marker 2949/9575
Added marker 2950/9575
Added marker 2951/9575
Added marker 2952/9575
Added marker 2953/9575
Added marker 2954/9575
Added marker 2955/9575
Added marker 2956/9575
Added marker 2957/9575
Added marker 2958/9575
Added marker 2959/9575
Added marker 2960/9575
Added marker 2961/9575
Added marker 2962/9575
Added marker 2963/9575
Added marker 2964/9575
Added marker 2965/9575
Added marker 2966/9575
Added marker 2967/9575
Added marker 2968/9575
Added marker 2969/9575
Added marker 2970/9575
Added marker 2971/9575
Added marker 2972/9575
Added marker 2973/9575
Added marker 2974/9575
Added marker 2975/9575
Added marker 2976/9575
Added marker 2977/9575
Added marker 2978/9575
Added marker 2979/9575
Added marker 2980/9575
Added marker 2981/9575
Added marker 2982/9575
Added marker 2983/9575
Added marker 2984/9575
Added marker 2985/9575
Added marker 2986/9575
Added marker 2987/9575
Added marker 2988/9575
Added marker 2989/9575
Added marker 2990/9575
Added marker 2991/9575
Added marker 2992/9575
Added marker 2993/9575
Added marker 2994/9575
Added marker 2995/9575
Added marker 2996/9575
Added marker 2997/9575
Added marker 2998/9575
Added marker 2999/9575
Added marker 3000/9575
Added marker 3001/9575
Added marker 3002/9575
Added marker 3003/9575
Added marker 3004/9575
Added marker 3005/9575
Added marker 3006/9575
Added marker 3007/9575
Added marker 3008/9575
Added marker 3009/9575
Added marker 3010/9575
Added marker 3011/9575
Added marker 3012/9575
Added marker 3013/9575
Added marker 3014/9575
Added marker 3015/9575
Added marker 3016/9575
Added marker 3017/9575
Added marker 3018/9575
Added marker 3019/9575
Added marker 3020/9575
Added marker 3021/9575
Added marker 3022/9575
Added marker 3023/9575
Added marker 3024/9575
Added marker 3025/9575
Added marker 3026/9575
Added marker 3027/9575
Added marker 3028/9575
Added marker 3029/9575
Added marker 3030/9575
Added marker 3031/9575
Added marker 3032/9575
Added marker 3033/9575
Added marker 3034/9575
Added marker 3035/9575
Added marker 3036/9575
Added marker 3037/9575
Added marker 3038/9575
Added marker 3039/9575
Added marker 3040/9575
Added marker 3041/9575
Added marker 3042/9575
Added marker 3043/9575
Added marker 3044/9575
Added marker 3045/9575
Added marker 3046/9575
Added marker 3047/9575
Added marker 3048/9575
Added marker 3049/9575
Added marker 3050/9575
Added marker 3051/9575
Added marker 3052/9575
Added marker 3053/9575
Added marker 3054/9575
Added marker 3055/9575
Added marker 3056/9575
Added marker 3057/9575
Added marker 3058/9575
Added marker 3059/9575
Added marker 3060/9575
Added marker 3061/9575
Added marker 3062/9575
Added marker 3063/9575
Added marker 3064/9575
Added marker 3065/9575
Added marker 3066/9575
Added marker 3067/9575
Added marker 3068/9575
Added marker 3069/9575
Added marker 3070/9575
Added marker 3071/9575
Added marker 3072/9575
Added marker 3073/9575
Added marker 3074/9575
Added marker 3075/9575
Added marker 3076/9575
Added marker 3077/9575
Added marker 3078/9575
Added marker 3079/9575
Added marker 3080/9575
Added marker 3081/9575
Added marker 3082/9575
Added marker 3083/9575
Added marker 3084/9575
Added marker 3085/9575
Added marker 3086/9575
Added marker 3087/9575
Added marker 3088/9575
Added marker 3089/9575
Added marker 3090/9575
Added marker 3091/9575
Added marker 3092/9575
Added marker 3093/9575
Added marker 3094/9575
Added marker 3095/9575
Added marker 3096/9575
Added marker 3097/9575
Added marker 3098/9575
Added marker 3099/9575
Added marker 3100/9575
Added marker 3101/9575
Added marker 3102/9575
Added marker 3103/9575
Added marker 3104/9575
Added marker 3105/9575
Added marker 3106/9575
Added marker 3107/9575
Added marker 3108/9575
Added marker 3109/9575
Added marker 3110/9575
Added marker 3111/9575
Added marker 3112/9575
Added marker 3113/9575
Added marker 3114/9575
Added marker 3115/9575
Added marker 3116/9575
Added marker 3117/9575
Added marker 3118/9575
Added marker 3119/9575
Added marker 3120/9575
Added marker 3121/9575
Added marker 3122/9575
Added marker 3123/9575
Added marker 3124/9575
Added marker 3125/9575
Added marker 3126/9575
Added marker 3127/9575
Added marker 3128/9575
Added marker 3129/9575
Added marker 3130/9575
Added marker 3131/9575
Added marker 3132/9575
Added marker 3133/9575
Added marker 3134/9575
Added marker 3135/9575
Added marker 3136/9575
Added marker 3137/9575
Added marker 3138/9575
Added marker 3139/9575
Added marker 3140/9575
Added marker 3141/9575
Added marker 3142/9575
Added marker 3143/9575
Added marker 3144/9575
Added marker 3145/9575
Added marker 3146/9575
Added marker 3147/9575
Added marker 3148/9575
Added marker 3149/9575
Added marker 3150/9575
Added marker 3151/9575
Added marker 3152/9575
Added marker 3153/9575
Added marker 3154/9575
Added marker 3155/9575
Added marker 3156/9575
Added marker 3157/9575
Added marker 3158/9575
Added marker 3159/9575
Added marker 3160/9575
Added marker 3161/9575
Added marker 3162/9575
Added marker 3163/9575
Added marker 3164/9575
Added marker 3165/9575
Added marker 3166/9575
Added marker 3167/9575
Added marker 3168/9575
Added marker 3169/9575
Added marker 3170/9575
Added marker 3171/9575
Added marker 3172/9575
Added marker 3173/9575
Added marker 3174/9575
Added marker 3175/9575
Added marker 3176/9575
Added marker 3177/9575
Added marker 3178/9575
Added marker 3179/9575
Added marker 3180/9575
Added marker 3181/9575
Added marker 3182/9575
Added marker 3183/9575
Added marker 3184/9575
Added marker 3185/9575
Added marker 3186/9575
Added marker 3187/9575
Added marker 3188/9575
Added marker 3189/9575
Added marker 3190/9575
Added marker 3191/9575
Added marker 3192/9575
Added marker 3193/9575
Added marker 3194/9575
Added marker 3195/9575
Added marker 3196/9575
Added marker 3197/9575
Added marker 3198/9575
Added marker 3199/9575
Added marker 3200/9575
Added marker 3201/9575
Added marker 3202/9575
Added marker 3203/9575
Added marker 3204/9575
Added marker 3205/9575
Added marker 3206/9575
Added marker 3207/9575
Added marker 3208/9575
Added marker 3209/9575
Added marker 3210/9575
Added marker 3211/9575
Added marker 3212/9575
Added marker 3213/9575
Added marker 3214/9575
Added marker 3215/9575
Added marker 3216/9575
Added marker 3217/9575
Added marker 3218/9575
Added marker 3219/9575
Added marker 3220/9575
Added marker 3221/9575
Added marker 3222/9575
Added marker 3223/9575
Added marker 3224/9575
Added marker 3225/9575
Added marker 3226/9575
Added marker 3227/9575
Added marker 3228/9575
Added marker 3229/9575
Added marker 3230/9575
Added marker 3231/9575
Added marker 3232/9575
Added marker 3233/9575
Added marker 3234/9575
Added marker 3235/9575
Added marker 3236/9575
Added marker 3237/9575
Added marker 3238/9575
Added marker 3239/9575
Added marker 3240/9575
Added marker 3241/9575
Added marker 3242/9575
Added marker 3243/9575
Added marker 3244/9575
Added marker 3245/9575
Added marker 3246/9575
Added marker 3247/9575
Added marker 3248/9575
Added marker 3249/9575
Added marker 3250/9575
Added marker 3251/9575
Added marker 3252/9575
Added marker 3253/9575
Added marker 3254/9575
Added marker 3255/9575
Added marker 3256/9575
Added marker 3257/9575
Added marker 3258/9575
Added marker 3259/9575
Added marker 3260/9575
Added marker 3261/9575
Added marker 3262/9575
Added marker 3263/9575
Added marker 3264/9575
Added marker 3265/9575
Added marker 3266/9575
Added marker 3267/9575
Added marker 3268/9575
Added marker 3269/9575
Added marker 3270/9575
Added marker 3271/9575
Added marker 3272/9575
Added marker 3273/9575
Added marker 3274/9575
Added marker 3275/9575
Added marker 3276/9575
Added marker 3277/9575
Added marker 3278/9575
Added marker 3279/9575
Added marker 3280/9575
Added marker 3281/9575
Added marker 3282/9575
Added marker 3283/9575
Added marker 3284/9575
Added marker 3285/9575
Added marker 3286/9575
Added marker 3287/9575
Added marker 3288/9575
Added marker 3289/9575
Added marker 3290/9575
Added marker 3291/9575
Added marker 3292/9575
Added marker 3293/9575
Added marker 3294/9575
Added marker 3295/9575
Added marker 3296/9575
Added marker 3297/9575
Added marker 3298/9575
Added marker 3299/9575
Added marker 3300/9575
Added marker 3301/9575
Added marker 3302/9575
Added marker 3303/9575
Added marker 3304/9575
Added marker 3305/9575
Added marker 3306/9575
Added marker 3307/9575
Added marker 3308/9575
Added marker 3309/9575
Added marker 3310/9575
Added marker 3311/9575
Added marker 3312/9575
Added marker 3313/9575
Added marker 3314/9575
Added marker 3315/9575
Added marker 3316/9575
Added marker 3317/9575
Added marker 3318/9575
Added marker 3319/9575
Added marker 3320/9575
Added marker 3321/9575
Added marker 3322/9575
Added marker 3323/9575
Added marker 3324/9575
Added marker 3325/9575
Added marker 3326/9575
Added marker 3327/9575
Added marker 3328/9575
Added marker 3329/9575
Added marker 3330/9575
Added marker 3331/9575
Added marker 3332/9575
Added marker 3333/9575
Added marker 3334/9575
Added marker 3335/9575
Added marker 3336/9575
Added marker 3337/9575
Added marker 3338/9575
Added marker 3339/9575
Added marker 3340/9575
Added marker 3341/9575
Added marker 3342/9575
Added marker 3343/9575
Added marker 3344/9575
Added marker 3345/9575
Added marker 3346/9575
Added marker 3347/9575
Added marker 3348/9575
Added marker 3349/9575
Added marker 3350/9575
Added marker 3351/9575
Added marker 3352/9575
Added marker 3353/9575
Added marker 3354/9575
Added marker 3355/9575
Added marker 3356/9575
Added marker 3357/9575
Added marker 3358/9575
Added marker 3359/9575
Added marker 3360/9575
Added marker 3361/9575
Added marker 3362/9575
Added marker 3363/9575
Added marker 3364/9575
Added marker 3365/9575
Added marker 3366/9575
Added marker 3367/9575
Added marker 3368/9575
Added marker 3369/9575
Added marker 3370/9575
Added marker 3371/9575
Added marker 3372/9575
Added marker 3373/9575
Added marker 3374/9575
Added marker 3375/9575
Added marker 3376/9575
Added marker 3377/9575
Added marker 3378/9575
Added marker 3379/9575
Added marker 3380/9575
Added marker 3381/9575
Added marker 3382/9575
Added marker 3383/9575
Added marker 3384/9575
Added marker 3385/9575
Added marker 3386/9575
Added marker 3387/9575
Added marker 3388/9575
Added marker 3389/9575
Added marker 3390/9575
Added marker 3391/9575
Added marker 3392/9575
Added marker 3393/9575
Added marker 3394/9575
Added marker 3395/9575
Added marker 3396/9575
Added marker 3397/9575
Added marker 3398/9575
Added marker 3399/9575
Added marker 3400/9575
Added marker 3401/9575
Added marker 3402/9575
Added marker 3403/9575
Added marker 3404/9575
Added marker 3405/9575
Added marker 3406/9575
Added marker 3407/9575
Added marker 3408/9575
Added marker 3409/9575
Added marker 3410/9575
Added marker 3411/9575
Added marker 3412/9575
Added marker 3413/9575
Added marker 3414/9575
Added marker 3415/9575
Added marker 3416/9575
Added marker 3417/9575
Added marker 3418/9575
Added marker 3419/9575
Added marker 3420/9575
Added marker 3421/9575
Added marker 3422/9575
Added marker 3423/9575
Added marker 3424/9575
Added marker 3425/9575
Added marker 3426/9575
Added marker 3427/9575
Added marker 3428/9575
Added marker 3429/9575
Added marker 3430/9575
Added marker 3431/9575
Added marker 3432/9575
Added marker 3433/9575
Added marker 3434/9575
Added marker 3435/9575
Added marker 3436/9575
Added marker 3437/9575
Added marker 3438/9575
Added marker 3439/9575
Added marker 3440/9575
Added marker 3441/9575
Added marker 3442/9575
Added marker 3443/9575
Added marker 3444/9575
Added marker 3445/9575
Added marker 3446/9575
Added marker 3447/9575
Added marker 3448/9575
Added marker 3449/9575
Added marker 3450/9575
Added marker 3451/9575
Added marker 3452/9575
Added marker 3453/9575
Added marker 3454/9575
Added marker 3455/9575
Added marker 3456/9575
Added marker 3457/9575
Added marker 3458/9575
Added marker 3459/9575
Added marker 3460/9575
Added marker 3461/9575
Added marker 3462/9575
Added marker 3463/9575
Added marker 3464/9575
Added marker 3465/9575
Added marker 3466/9575
Added marker 3467/9575
Added marker 3468/9575
Added marker 3469/9575
Added marker 3470/9575
Added marker 3471/9575
Added marker 3472/9575
Added marker 3473/9575
Added marker 3474/9575
Added marker 3475/9575
Added marker 3476/9575
Added marker 3477/9575
Added marker 3478/9575
Added marker 3479/9575
Added marker 3480/9575
Added marker 3481/9575
Added marker 3482/9575
Added marker 3483/9575
Added marker 3484/9575
Added marker 3485/9575
Added marker 3486/9575
Added marker 3487/9575
Added marker 3488/9575
Added marker 3489/9575
Added marker 3490/9575
Added marker 3491/9575
Added marker 3492/9575
Added marker 3493/9575
Added marker 3494/9575
Added marker 3495/9575
Added marker 3496/9575
Added marker 3497/9575
Added marker 3498/9575
Added marker 3499/9575
Added marker 3500/9575
Added marker 3501/9575
Added marker 3502/9575
Added marker 3503/9575
Added marker 3504/9575
Added marker 3505/9575
Added marker 3506/9575
Added marker 3507/9575
Added marker 3508/9575
Added marker 3509/9575
Added marker 3510/9575
Added marker 3511/9575
Added marker 3512/9575
Added marker 3513/9575
Added marker 3514/9575
Added marker 3515/9575
Added marker 3516/9575
Added marker 3517/9575
Added marker 3518/9575
Added marker 3519/9575
Added marker 3520/9575
Added marker 3521/9575
Added marker 3522/9575
Added marker 3523/9575
Added marker 3524/9575
Added marker 3525/9575
Added marker 3526/9575
Added marker 3527/9575
Added marker 3528/9575
Added marker 3529/9575
Added marker 3530/9575
Added marker 3531/9575
Added marker 3532/9575
Added marker 3533/9575
Added marker 3534/9575
Added marker 3535/9575
Added marker 3536/9575
Added marker 3537/9575
Added marker 3538/9575
Added marker 3539/9575
Added marker 3540/9575
Added marker 3541/9575
Added marker 3542/9575
Added marker 3543/9575
Added marker 3544/9575
Added marker 3545/9575
Added marker 3546/9575
Added marker 3547/9575
Added marker 3548/9575
Added marker 3549/9575
Added marker 3550/9575
Added marker 3551/9575
Added marker 3552/9575
Added marker 3553/9575
Added marker 3554/9575
Added marker 3555/9575
Added marker 3556/9575
Added marker 3557/9575
Added marker 3558/9575
Added marker 3559/9575
Added marker 3560/9575
Added marker 3561/9575
Added marker 3562/9575
Added marker 3563/9575
Added marker 3564/9575
Added marker 3565/9575
Added marker 3566/9575
Added marker 3567/9575
Added marker 3568/9575
Added marker 3569/9575
Added marker 3570/9575
Added marker 3571/9575
Added marker 3572/9575
Added marker 3573/9575
Added marker 3574/9575
Added marker 3575/9575
Added marker 3576/9575
Added marker 3577/9575
Added marker 3578/9575
Added marker 3579/9575
Added marker 3580/9575
Added marker 3581/9575
Added marker 3582/9575
Added marker 3583/9575
Added marker 3584/9575
Added marker 3585/9575
Added marker 3586/9575
Added marker 3587/9575
Added marker 3588/9575
Added marker 3589/9575
Added marker 3590/9575
Added marker 3591/9575
Added marker 3592/9575
Added marker 3593/9575
Added marker 3594/9575
Added marker 3595/9575
Added marker 3596/9575
Added marker 3597/9575
Added marker 3598/9575
Added marker 3599/9575
Added marker 3600/9575
Added marker 3601/9575
Added marker 3602/9575
Added marker 3603/9575
Added marker 3604/9575
Added marker 3605/9575
Added marker 3606/9575
Added marker 3607/9575
Added marker 3608/9575
Added marker 3609/9575
Added marker 3610/9575
Added marker 3611/9575
Added marker 3612/9575
Added marker 3613/9575
Added marker 3614/9575
Added marker 3615/9575
Added marker 3616/9575
Added marker 3617/9575
Added marker 3618/9575
Added marker 3619/9575
Added marker 3620/9575
Added marker 3621/9575
Added marker 3622/9575
Added marker 3623/9575
Added marker 3624/9575
Added marker 3625/9575
Added marker 3626/9575
Added marker 3627/9575
Added marker 3628/9575
Added marker 3629/9575
Added marker 3630/9575
Added marker 3631/9575
Added marker 3632/9575
Added marker 3633/9575
Added marker 3634/9575
Added marker 3635/9575
Added marker 3636/9575
Added marker 3637/9575
Added marker 3638/9575
Added marker 3639/9575
Added marker 3640/9575
Added marker 3641/9575
Added marker 3642/9575
Added marker 3643/9575
Added marker 3644/9575
Added marker 3645/9575
Added marker 3646/9575
Added marker 3647/9575
Added marker 3648/9575
Added marker 3649/9575
Added marker 3650/9575
Added marker 3651/9575
Added marker 3652/9575
Added marker 3653/9575
Added marker 3654/9575
Added marker 3655/9575
Added marker 3656/9575
Added marker 3657/9575
Added marker 3658/9575
Added marker 3659/9575
Added marker 3660/9575
Added marker 3661/9575
Added marker 3662/9575
Added marker 3663/9575
Added marker 3664/9575
Added marker 3665/9575
Added marker 3666/9575
Added marker 3667/9575
Added marker 3668/9575
Added marker 3669/9575
Added marker 3670/9575
Added marker 3671/9575
Added marker 3672/9575
Added marker 3673/9575
Added marker 3674/9575
Added marker 3675/9575
Added marker 3676/9575
Added marker 3677/9575
Added marker 3678/9575
Added marker 3679/9575
Added marker 3680/9575
Added marker 3681/9575
Added marker 3682/9575
Added marker 3683/9575
Added marker 3684/9575
Added marker 3685/9575
Added marker 3686/9575
Added marker 3687/9575
Added marker 3688/9575
Added marker 3689/9575
Added marker 3690/9575
Added marker 3691/9575
Added marker 3692/9575
Added marker 3693/9575
Added marker 3694/9575
Added marker 3695/9575
Added marker 3696/9575
Added marker 3697/9575
Added marker 3698/9575
Added marker 3699/9575
Added marker 3700/9575
Added marker 3701/9575
Added marker 3702/9575
Added marker 3703/9575
Added marker 3704/9575
Added marker 3705/9575
Added marker 3706/9575
Added marker 3707/9575
Added marker 3708/9575
Added marker 3709/9575
Added marker 3710/9575
Added marker 3711/9575
Added marker 3712/9575
Added marker 3713/9575
Added marker 3714/9575
Added marker 3715/9575
Added marker 3716/9575
Added marker 3717/9575
Added marker 3718/9575
Added marker 3719/9575
Added marker 3720/9575
Added marker 3721/9575
Added marker 3722/9575
Added marker 3723/9575
Added marker 3724/9575
Added marker 3725/9575
Added marker 3726/9575
Added marker 3727/9575
Added marker 3728/9575
Added marker 3729/9575
Added marker 3730/9575
Added marker 3731/9575
Added marker 3732/9575
Added marker 3733/9575
Added marker 3734/9575
Added marker 3735/9575
Added marker 3736/9575
Added marker 3737/9575
Added marker 3738/9575
Added marker 3739/9575
Added marker 3740/9575
Added marker 3741/9575
Added marker 3742/9575
Added marker 3743/9575
Added marker 3744/9575
Added marker 3745/9575
Added marker 3746/9575
Added marker 3747/9575
Added marker 3748/9575
Added marker 3749/9575
Added marker 3750/9575
Added marker 3751/9575
Added marker 3752/9575
Added marker 3753/9575
Added marker 3754/9575
Added marker 3755/9575
Added marker 3756/9575
Added marker 3757/9575
Added marker 3758/9575
Added marker 3759/9575
Added marker 3760/9575
Added marker 3761/9575
Added marker 3762/9575
Added marker 3763/9575
Added marker 3764/9575
Added marker 3765/9575
Added marker 3766/9575
Added marker 3767/9575
Added marker 3768/9575
Added marker 3769/9575
Added marker 3770/9575
Added marker 3771/9575
Added marker 3772/9575
Added marker 3773/9575
Added marker 3774/9575
Added marker 3775/9575
Added marker 3776/9575
Added marker 3777/9575
Added marker 3778/9575
Added marker 3779/9575
Added marker 3780/9575
Added marker 3781/9575
Added marker 3782/9575
Added marker 3783/9575
Added marker 3784/9575
Added marker 3785/9575
Added marker 3786/9575
Added marker 3787/9575
Added marker 3788/9575
Added marker 3789/9575
Added marker 3790/9575
Added marker 3791/9575
Added marker 3792/9575
Added marker 3793/9575
Added marker 3794/9575
Added marker 3795/9575
Added marker 3796/9575
Added marker 3797/9575
Added marker 3798/9575
Added marker 3799/9575
Added marker 3800/9575
Added marker 3801/9575
Added marker 3802/9575
Added marker 3803/9575
Added marker 3804/9575
Added marker 3805/9575
Added marker 3806/9575
Added marker 3807/9575
Added marker 3808/9575
Added marker 3809/9575
Added marker 3810/9575
Added marker 3811/9575
Added marker 3812/9575
Added marker 3813/9575
Added marker 3814/9575
Added marker 3815/9575
Added marker 3816/9575
Added marker 3817/9575
Added marker 3818/9575
Added marker 3819/9575
Added marker 3820/9575
Added marker 3821/9575
Added marker 3822/9575
Added marker 3823/9575
Added marker 3824/9575
Added marker 3825/9575
Added marker 3826/9575
Added marker 3827/9575
Added marker 3828/9575
Added marker 3829/9575
Added marker 3830/9575
Added marker 3831/9575
Added marker 3832/9575
Added marker 3833/9575
Added marker 3834/9575
Added marker 3835/9575
Added marker 3836/9575
Added marker 3837/9575
Added marker 3838/9575
Added marker 3839/9575
Added marker 3840/9575
Added marker 3841/9575
Added marker 3842/9575
Added marker 3843/9575
Added marker 3844/9575
Added marker 3845/9575
Added marker 3846/9575
Added marker 3847/9575
Added marker 3848/9575
Added marker 3849/9575
Added marker 3850/9575
Added marker 3851/9575
Added marker 3852/9575
Added marker 3853/9575
Added marker 3854/9575
Added marker 3855/9575
Added marker 3856/9575
Added marker 3857/9575
Added marker 3858/9575
Added marker 3859/9575
Added marker 3860/9575
Added marker 3861/9575
Added marker 3862/9575
Added marker 3863/9575
Added marker 3864/9575
Added marker 3865/9575
Added marker 3866/9575
Added marker 3867/9575
Added marker 3868/9575
Added marker 3869/9575
Added marker 3870/9575
Added marker 3871/9575
Added marker 3872/9575
Added marker 3873/9575
Added marker 3874/9575
Added marker 3875/9575
Added marker 3876/9575
Added marker 3877/9575
Added marker 3878/9575
Added marker 3879/9575
Added marker 3880/9575
Added marker 3881/9575
Added marker 3882/9575
Added marker 3883/9575
Added marker 3884/9575
Added marker 3885/9575
Added marker 3886/9575
Added marker 3887/9575
Added marker 3888/9575
Added marker 3889/9575
Added marker 3890/9575
Added marker 3891/9575
Added marker 3892/9575
Added marker 3893/9575
Added marker 3894/9575
Added marker 3895/9575
Added marker 3896/9575
Added marker 3897/9575
Added marker 3898/9575
Added marker 3899/9575
Added marker 3900/9575
Added marker 3901/9575
Added marker 3902/9575
Added marker 3903/9575
Added marker 3904/9575
Added marker 3905/9575
Added marker 3906/9575
Added marker 3907/9575
Added marker 3908/9575
Added marker 3909/9575
Added marker 3910/9575
Added marker 3911/9575
Added marker 3912/9575
Added marker 3913/9575
Added marker 3914/9575
Added marker 3915/9575
Added marker 3916/9575
Added marker 3917/9575
Added marker 3918/9575
Added marker 3919/9575
Added marker 3920/9575
Added marker 3921/9575
Added marker 3922/9575
Added marker 3923/9575
Added marker 3924/9575
Added marker 3925/9575
Added marker 3926/9575
Added marker 3927/9575
Added marker 3928/9575
Added marker 3929/9575
Added marker 3930/9575
Added marker 3931/9575
Added marker 3932/9575
Added marker 3933/9575
Added marker 3934/9575
Added marker 3935/9575
Added marker 3936/9575
Added marker 3937/9575
Added marker 3938/9575
Added marker 3939/9575
Added marker 3940/9575
Added marker 3941/9575
Added marker 3942/9575
Added marker 3943/9575
Added marker 3944/9575
Added marker 3945/9575
Added marker 3946/9575
Added marker 3947/9575
Added marker 3948/9575
Added marker 3949/9575
Added marker 3950/9575
Added marker 3951/9575
Added marker 3952/9575
Added marker 3953/9575
Added marker 3954/9575
Added marker 3955/9575
Added marker 3956/9575
Added marker 3957/9575
Added marker 3958/9575
Added marker 3959/9575
Added marker 3960/9575
Added marker 3961/9575
Added marker 3962/9575
Added marker 3963/9575
Added marker 3964/9575
Added marker 3965/9575
Added marker 3966/9575
Added marker 3967/9575
Added marker 3968/9575
Added marker 3969/9575
Added marker 3970/9575
Added marker 3971/9575
Added marker 3972/9575
Added marker 3973/9575
Added marker 3974/9575
Added marker 3975/9575
Added marker 3976/9575
Added marker 3977/9575
Added marker 3978/9575
Added marker 3979/9575
Added marker 3980/9575
Added marker 3981/9575
Added marker 3982/9575
Added marker 3983/9575
Added marker 3984/9575
Added marker 3985/9575
Added marker 3986/9575
Added marker 3987/9575
Added marker 3988/9575
Added marker 3989/9575
Added marker 3990/9575
Added marker 3991/9575
Added marker 3992/9575
Added marker 3993/9575
Added marker 3994/9575
Added marker 3995/9575
Added marker 3996/9575
Added marker 3997/9575
Added marker 3998/9575
Added marker 3999/9575
Added marker 4000/9575
Added marker 4001/9575
Added marker 4002/9575
Added marker 4003/9575
Added marker 4004/9575
Added marker 4005/9575
Added marker 4006/9575
Added marker 4007/9575
Added marker 4008/9575
Added marker 4009/9575
Added marker 4010/9575
Added marker 4011/9575
Added marker 4012/9575
Added marker 4013/9575
Added marker 4014/9575
Added marker 4015/9575
Added marker 4016/9575
Added marker 4017/9575
Added marker 4018/9575
Added marker 4019/9575
Added marker 4020/9575
Added marker 4021/9575
Added marker 4022/9575
Added marker 4023/9575
Added marker 4024/9575
Added marker 4025/9575
Added marker 4026/9575
Added marker 4027/9575
Added marker 4028/9575
Added marker 4029/9575
Added marker 4030/9575
Added marker 4031/9575
Added marker 4032/9575
Added marker 4033/9575
Added marker 4034/9575
Added marker 4035/9575
Added marker 4036/9575
Added marker 4037/9575
Added marker 4038/9575
Added marker 4039/9575
Added marker 4040/9575
Added marker 4041/9575
Added marker 4042/9575
Added marker 4043/9575
Added marker 4044/9575
Added marker 4045/9575
Added marker 4046/9575
Added marker 4047/9575
Added marker 4048/9575
Added marker 4049/9575
Added marker 4050/9575
Added marker 4051/9575
Added marker 4052/9575
Added marker 4053/9575
Added marker 4054/9575
Added marker 4055/9575
Added marker 4056/9575
Added marker 4057/9575
Added marker 4058/9575
Added marker 4059/9575
Added marker 4060/9575
Added marker 4061/9575
Added marker 4062/9575
Added marker 4063/9575
Added marker 4064/9575
Added marker 4065/9575
Added marker 4066/9575
Added marker 4067/9575
Added marker 4068/9575
Added marker 4069/9575
Added marker 4070/9575
Added marker 4071/9575
Added marker 4072/9575
Added marker 4073/9575
Added marker 4074/9575
Added marker 4075/9575
Added marker 4076/9575
Added marker 4077/9575
Added marker 4078/9575
Added marker 4079/9575
Added marker 4080/9575
Added marker 4081/9575
Added marker 4082/9575
Added marker 4083/9575
Added marker 4084/9575
Added marker 4085/9575
Added marker 4086/9575
Added marker 4087/9575
Added marker 4088/9575
Added marker 4089/9575
Added marker 4090/9575
Added marker 4091/9575
Added marker 4092/9575
Added marker 4093/9575
Added marker 4094/9575
Added marker 4095/9575
Added marker 4096/9575
Added marker 4097/9575
Added marker 4098/9575
Added marker 4099/9575
Added marker 4100/9575
Added marker 4101/9575
Added marker 4102/9575
Added marker 4103/9575
Added marker 4104/9575
Added marker 4105/9575
Added marker 4106/9575
Added marker 4107/9575
Added marker 4108/9575
Added marker 4109/9575
Added marker 4110/9575
Added marker 4111/9575
Added marker 4112/9575
Added marker 4113/9575
Added marker 4114/9575
Added marker 4115/9575
Added marker 4116/9575
Added marker 4117/9575
Added marker 4118/9575
Added marker 4119/9575
Added marker 4120/9575
Added marker 4121/9575
Added marker 4122/9575
Added marker 4123/9575
Added marker 4124/9575
Added marker 4125/9575
Added marker 4126/9575
Added marker 4127/9575
Added marker 4128/9575
Added marker 4129/9575
Added marker 4130/9575
Added marker 4131/9575
Added marker 4132/9575
Added marker 4133/9575
Added marker 4134/9575
Added marker 4135/9575
Added marker 4136/9575
Added marker 4137/9575
Added marker 4138/9575
Added marker 4139/9575
Added marker 4140/9575
Added marker 4141/9575
Added marker 4142/9575
Added marker 4143/9575
Added marker 4144/9575
Added marker 4145/9575
Added marker 4146/9575
Added marker 4147/9575
Added marker 4148/9575
Added marker 4149/9575
Added marker 4150/9575
Added marker 4151/9575
Added marker 4152/9575
Added marker 4153/9575
Added marker 4154/9575
Added marker 4155/9575
Added marker 4156/9575
Added marker 4157/9575
Added marker 4158/9575
Added marker 4159/9575
Added marker 4160/9575
Added marker 4161/9575
Added marker 4162/9575
Added marker 4163/9575
Added marker 4164/9575
Added marker 4165/9575
Added marker 4166/9575
Added marker 4167/9575
Added marker 4168/9575
Added marker 4169/9575
Added marker 4170/9575
Added marker 4171/9575
Added marker 4172/9575
Added marker 4173/9575
Added marker 4174/9575
Added marker 4175/9575
Added marker 4176/9575
Added marker 4177/9575
Added marker 4178/9575
Added marker 4179/9575
Added marker 4180/9575
Added marker 4181/9575
Added marker 4182/9575
Added marker 4183/9575
Added marker 4184/9575
Added marker 4185/9575
Added marker 4186/9575
Added marker 4187/9575
Added marker 4188/9575
Added marker 4189/9575
Added marker 4190/9575
Added marker 4191/9575
Added marker 4192/9575
Added marker 4193/9575
Added marker 4194/9575
Added marker 4195/9575
Added marker 4196/9575
Added marker 4197/9575
Added marker 4198/9575
Added marker 4199/9575
Added marker 4200/9575
Added marker 4201/9575
Added marker 4202/9575
Added marker 4203/9575
Added marker 4204/9575
Added marker 4205/9575
Added marker 4206/9575
Added marker 4207/9575
Added marker 4208/9575
Added marker 4209/9575
Added marker 4210/9575
Added marker 4211/9575
Added marker 4212/9575
Added marker 4213/9575
Added marker 4214/9575
Added marker 4215/9575
Added marker 4216/9575
Added marker 4217/9575
Added marker 4218/9575
Added marker 4219/9575
Added marker 4220/9575
Added marker 4221/9575
Added marker 4222/9575
Added marker 4223/9575
Added marker 4224/9575
Added marker 4225/9575
Added marker 4226/9575
Added marker 4227/9575
Added marker 4228/9575
Added marker 4229/9575
Added marker 4230/9575
Added marker 4231/9575
Added marker 4232/9575
Added marker 4233/9575
Added marker 4234/9575
Added marker 4235/9575
Added marker 4236/9575
Added marker 4237/9575
Added marker 4238/9575
Added marker 4239/9575
Added marker 4240/9575
Added marker 4241/9575
Added marker 4242/9575
Added marker 4243/9575
Added marker 4244/9575
Added marker 4245/9575
Added marker 4246/9575
Added marker 4247/9575
Added marker 4248/9575
Added marker 4249/9575
Added marker 4250/9575
Added marker 4251/9575
Added marker 4252/9575
Added marker 4253/9575
Added marker 4254/9575
Added marker 4255/9575
Added marker 4256/9575
Added marker 4257/9575
Added marker 4258/9575
Added marker 4259/9575
Added marker 4260/9575
Added marker 4261/9575
Added marker 4262/9575
Added marker 4263/9575
Added marker 4264/9575
Added marker 4265/9575
Added marker 4266/9575
Added marker 4267/9575
Added marker 4268/9575
Added marker 4269/9575
Added marker 4270/9575
Added marker 4271/9575
Added marker 4272/9575
Added marker 4273/9575
Added marker 4274/9575
Added marker 4275/9575
Added marker 4276/9575
Added marker 4277/9575
Added marker 4278/9575
Added marker 4279/9575
Added marker 4280/9575
Added marker 4281/9575
Added marker 4282/9575
Added marker 4283/9575
Added marker 4284/9575
Added marker 4285/9575
Added marker 4286/9575
Added marker 4287/9575
Added marker 4288/9575
Added marker 4289/9575
Added marker 4290/9575
Added marker 4291/9575
Added marker 4292/9575
Added marker 4293/9575
Added marker 4294/9575
Added marker 4295/9575
Added marker 4296/9575
Added marker 4297/9575
Added marker 4298/9575
Added marker 4299/9575
Added marker 4300/9575
Added marker 4301/9575
Added marker 4302/9575
Added marker 4303/9575
Added marker 4304/9575
Added marker 4305/9575
Added marker 4306/9575
Added marker 4307/9575
Added marker 4308/9575
Added marker 4309/9575
Added marker 4310/9575
Added marker 4311/9575
Added marker 4312/9575
Added marker 4313/9575
Added marker 4314/9575
Added marker 4315/9575
Added marker 4316/9575
Added marker 4317/9575
Added marker 4318/9575
Added marker 4319/9575
Added marker 4320/9575
Added marker 4321/9575
Added marker 4322/9575
Added marker 4323/9575
Added marker 4324/9575
Added marker 4325/9575
Added marker 4326/9575
Added marker 4327/9575
Added marker 4328/9575
Added marker 4329/9575
Added marker 4330/9575
Added marker 4331/9575
Added marker 4332/9575
Added marker 4333/9575
Added marker 4334/9575
Added marker 4335/9575
Added marker 4336/9575
Added marker 4337/9575
Added marker 4338/9575
Added marker 4339/9575
Added marker 4340/9575
Added marker 4341/9575
Added marker 4342/9575
Added marker 4343/9575
Added marker 4344/9575
Added marker 4345/9575
Added marker 4346/9575
Added marker 4347/9575
Added marker 4348/9575
Added marker 4349/9575
Added marker 4350/9575
Added marker 4351/9575
Added marker 4352/9575
Added marker 4353/9575
Added marker 4354/9575
Added marker 4355/9575
Added marker 4356/9575
Added marker 4357/9575
Added marker 4358/9575
Added marker 4359/9575
Added marker 4360/9575
Added marker 4361/9575
Added marker 4362/9575
Added marker 4363/9575
Added marker 4364/9575
Added marker 4365/9575
Added marker 4366/9575
Added marker 4367/9575
Added marker 4368/9575
Added marker 4369/9575
Added marker 4370/9575
Added marker 4371/9575
Added marker 4372/9575
Added marker 4373/9575
Added marker 4374/9575
Added marker 4375/9575
Added marker 4376/9575
Added marker 4377/9575
Added marker 4378/9575
Added marker 4379/9575
Added marker 4380/9575
Added marker 4381/9575
Added marker 4382/9575
Added marker 4383/9575
Added marker 4384/9575
Added marker 4385/9575
Added marker 4386/9575
Added marker 4387/9575
Added marker 4388/9575
Added marker 4389/9575
Added marker 4390/9575
Added marker 4391/9575
Added marker 4392/9575
Added marker 4393/9575
Added marker 4394/9575
Added marker 4395/9575
Added marker 4396/9575
Added marker 4397/9575
Added marker 4398/9575
Added marker 4399/9575
Added marker 4400/9575
Added marker 4401/9575
Added marker 4402/9575
Added marker 4403/9575
Added marker 4404/9575
Added marker 4405/9575
Added marker 4406/9575
Added marker 4407/9575
Added marker 4408/9575
Added marker 4409/9575
Added marker 4410/9575
Added marker 4411/9575
Added marker 4412/9575
Added marker 4413/9575
Added marker 4414/9575
Added marker 4415/9575
Added marker 4416/9575
Added marker 4417/9575
Added marker 4418/9575
Added marker 4419/9575
Added marker 4420/9575
Added marker 4421/9575
Added marker 4422/9575
Added marker 4423/9575
Added marker 4424/9575
Added marker 4425/9575
Added marker 4426/9575
Added marker 4427/9575
Added marker 4428/9575
Added marker 4429/9575
Added marker 4430/9575
Added marker 4431/9575
Added marker 4432/9575
Added marker 4433/9575
Added marker 4434/9575
Added marker 4435/9575
Added marker 4436/9575
Added marker 4437/9575
Added marker 4438/9575
Added marker 4439/9575
Added marker 4440/9575
Added marker 4441/9575
Added marker 4442/9575
Added marker 4443/9575
Added marker 4444/9575
Added marker 4445/9575
Added marker 4446/9575
Added marker 4447/9575
Added marker 4448/9575
Added marker 4449/9575
Added marker 4450/9575
Added marker 4451/9575
Added marker 4452/9575
Added marker 4453/9575
Added marker 4454/9575
Added marker 4455/9575
Added marker 4456/9575
Added marker 4457/9575
Added marker 4458/9575
Added marker 4459/9575
Added marker 4460/9575
Added marker 4461/9575
Added marker 4462/9575
Added marker 4463/9575
Added marker 4464/9575
Added marker 4465/9575
Added marker 4466/9575
Added marker 4467/9575
Added marker 4468/9575
Added marker 4469/9575
Added marker 4470/9575
Added marker 4471/9575
Added marker 4472/9575
Added marker 4473/9575
Added marker 4474/9575
Added marker 4475/9575
Added marker 4476/9575
Added marker 4477/9575
Added marker 4478/9575
Added marker 4479/9575
Added marker 4480/9575
Added marker 4481/9575
Added marker 4482/9575
Added marker 4483/9575
Added marker 4484/9575
Added marker 4485/9575
Added marker 4486/9575
Added marker 4487/9575
Added marker 4488/9575
Added marker 4489/9575
Added marker 4490/9575
Added marker 4491/9575
Added marker 4492/9575
Added marker 4493/9575
Added marker 4494/9575
Added marker 4495/9575
Added marker 4496/9575
Added marker 4497/9575
Added marker 4498/9575
Added marker 4499/9575
Added marker 4500/9575
Added marker 4501/9575
Added marker 4502/9575
Added marker 4503/9575
Added marker 4504/9575
Added marker 4505/9575
Added marker 4506/9575
Added marker 4507/9575
Added marker 4508/9575
Added marker 4509/9575
Added marker 4510/9575
Added marker 4511/9575
Added marker 4512/9575
Added marker 4513/9575
Added marker 4514/9575
Added marker 4515/9575
Added marker 4516/9575
Added marker 4517/9575
Added marker 4518/9575
Added marker 4519/9575
Added marker 4520/9575
Added marker 4521/9575
Added marker 4522/9575
Added marker 4523/9575
Added marker 4524/9575
Added marker 4525/9575
Added marker 4526/9575
Added marker 4527/9575
Added marker 4528/9575
Added marker 4529/9575
Added marker 4530/9575
Added marker 4531/9575
Added marker 4532/9575
Added marker 4533/9575
Added marker 4534/9575
Added marker 4535/9575
Added marker 4536/9575
Added marker 4537/9575
Added marker 4538/9575
Added marker 4539/9575
Added marker 4540/9575
Added marker 4541/9575
Added marker 4542/9575
Added marker 4543/9575
Added marker 4544/9575
Added marker 4545/9575
Added marker 4546/9575
Added marker 4547/9575
Added marker 4548/9575
Added marker 4549/9575
Added marker 4550/9575
Added marker 4551/9575
Added marker 4552/9575
Added marker 4553/9575
Added marker 4554/9575
Added marker 4555/9575
Added marker 4556/9575
Added marker 4557/9575
Added marker 4558/9575
Added marker 4559/9575
Added marker 4560/9575
Added marker 4561/9575
Added marker 4562/9575
Added marker 4563/9575
Added marker 4564/9575
Added marker 4565/9575
Added marker 4566/9575
Added marker 4567/9575
Added marker 4568/9575
Added marker 4569/9575
Added marker 4570/9575
Added marker 4571/9575
Added marker 4572/9575
Added marker 4573/9575
Added marker 4574/9575
Added marker 4575/9575
Added marker 4576/9575
Added marker 4577/9575
Added marker 4578/9575
Added marker 4579/9575
Added marker 4580/9575
Added marker 4581/9575
Added marker 4582/9575
Added marker 4583/9575
Added marker 4584/9575
Added marker 4585/9575
Added marker 4586/9575
Added marker 4587/9575
Added marker 4588/9575
Added marker 4589/9575
Added marker 4590/9575
Added marker 4591/9575
Added marker 4592/9575
Added marker 4593/9575
Added marker 4594/9575
Added marker 4595/9575
Added marker 4596/9575
Added marker 4597/9575
Added marker 4598/9575
Added marker 4599/9575
Added marker 4600/9575
Added marker 4601/9575
Added marker 4602/9575
Added marker 4603/9575
Added marker 4604/9575
Added marker 4605/9575
Added marker 4606/9575
Added marker 4607/9575
Added marker 4608/9575
Added marker 4609/9575
Added marker 4610/9575
Added marker 4611/9575
Added marker 4612/9575
Added marker 4613/9575
Added marker 4614/9575
Added marker 4615/9575
Added marker 4616/9575
Added marker 4617/9575
Added marker 4618/9575
Added marker 4619/9575
Added marker 4620/9575
Added marker 4621/9575
Added marker 4622/9575
Added marker 4623/9575
Added marker 4624/9575
Added marker 4625/9575
Added marker 4626/9575
Added marker 4627/9575
Added marker 4628/9575
Added marker 4629/9575
Added marker 4630/9575
Added marker 4631/9575
Added marker 4632/9575
Added marker 4633/9575
Added marker 4634/9575
Added marker 4635/9575
Added marker 4636/9575
Added marker 4637/9575
Added marker 4638/9575
Added marker 4639/9575
Added marker 4640/9575
Added marker 4641/9575
Added marker 4642/9575
Added marker 4643/9575
Added marker 4644/9575
Added marker 4645/9575
Added marker 4646/9575
Added marker 4647/9575
Added marker 4648/9575
Added marker 4649/9575
Added marker 4650/9575
Added marker 4651/9575
Added marker 4652/9575
Added marker 4653/9575
Added marker 4654/9575
Added marker 4655/9575
Added marker 4656/9575
Added marker 4657/9575
Added marker 4658/9575
Added marker 4659/9575
Added marker 4660/9575
Added marker 4661/9575
Added marker 4662/9575
Added marker 4663/9575
Added marker 4664/9575
Added marker 4665/9575
Added marker 4666/9575
Added marker 4667/9575
Added marker 4668/9575
Added marker 4669/9575
Added marker 4670/9575
Added marker 4671/9575
Added marker 4672/9575
Added marker 4673/9575
Added marker 4674/9575
Added marker 4675/9575
Added marker 4676/9575
Added marker 4677/9575
Added marker 4678/9575
Added marker 4679/9575
Added marker 4680/9575
Added marker 4681/9575
Added marker 4682/9575
Added marker 4683/9575
Added marker 4684/9575
Added marker 4685/9575
Added marker 4686/9575
Added marker 4687/9575
Added marker 4688/9575
Added marker 4689/9575
Added marker 4690/9575
Added marker 4691/9575
Added marker 4692/9575
Added marker 4693/9575
Added marker 4694/9575
Added marker 4695/9575
Added marker 4696/9575
Added marker 4697/9575
Added marker 4698/9575
Added marker 4699/9575
Added marker 4700/9575
Added marker 4701/9575
Added marker 4702/9575
Added marker 4703/9575
Added marker 4704/9575
Added marker 4705/9575
Added marker 4706/9575
Added marker 4707/9575
Added marker 4708/9575
Added marker 4709/9575
Added marker 4710/9575
Added marker 4711/9575
Added marker 4712/9575
Added marker 4713/9575
Added marker 4714/9575
Added marker 4715/9575
Added marker 4716/9575
Added marker 4717/9575
Added marker 4718/9575
Added marker 4719/9575
Added marker 4720/9575
Added marker 4721/9575
Added marker 4722/9575
Added marker 4723/9575
Added marker 4724/9575
Added marker 4725/9575
Added marker 4726/9575
Added marker 4727/9575
Added marker 4728/9575
Added marker 4729/9575
Added marker 4730/9575
Added marker 4731/9575
Added marker 4732/9575
Added marker 4733/9575
Added marker 4734/9575
Added marker 4735/9575
Added marker 4736/9575
Added marker 4737/9575
Added marker 4738/9575
Added marker 4739/9575
Added marker 4740/9575
Added marker 4741/9575
Added marker 4742/9575
Added marker 4743/9575
Added marker 4744/9575
Added marker 4745/9575
Added marker 4746/9575
Added marker 4747/9575
Added marker 4748/9575
Added marker 4749/9575
Added marker 4750/9575
Added marker 4751/9575
Added marker 4752/9575
Added marker 4753/9575
Added marker 4754/9575
Added marker 4755/9575
Added marker 4756/9575
Added marker 4757/9575
Added marker 4758/9575
Added marker 4759/9575
Added marker 4760/9575
Added marker 4761/9575
Added marker 4762/9575
Added marker 4763/9575
Added marker 4764/9575
Added marker 4765/9575
Added marker 4766/9575
Added marker 4767/9575
Added marker 4768/9575
Added marker 4769/9575
Added marker 4770/9575
Added marker 4771/9575
Added marker 4772/9575
Added marker 4773/9575
Added marker 4774/9575
Added marker 4775/9575
Added marker 4776/9575
Added marker 4777/9575
Added marker 4778/9575
Added marker 4779/9575
Added marker 4780/9575
Added marker 4781/9575
Added marker 4782/9575
Added marker 4783/9575
Added marker 4784/9575
Added marker 4785/9575
Added marker 4786/9575
Added marker 4787/9575
Added marker 4788/9575
Added marker 4789/9575
Added marker 4790/9575
Added marker 4791/9575
Added marker 4792/9575
Added marker 4793/9575
Added marker 4794/9575
Added marker 4795/9575
Added marker 4796/9575
Added marker 4797/9575
Added marker 4798/9575
Added marker 4799/9575
Added marker 4800/9575
Added marker 4801/9575
Added marker 4802/9575
Added marker 4803/9575
Added marker 4804/9575
Added marker 4805/9575
Added marker 4806/9575
Added marker 4807/9575
Added marker 4808/9575
Added marker 4809/9575
Added marker 4810/9575
Added marker 4811/9575
Added marker 4812/9575
Added marker 4813/9575
Added marker 4814/9575
Added marker 4815/9575
Added marker 4816/9575
Added marker 4817/9575
Added marker 4818/9575
Added marker 4819/9575
Added marker 4820/9575
Added marker 4821/9575
Added marker 4822/9575
Added marker 4823/9575
Added marker 4824/9575
Added marker 4825/9575
Added marker 4826/9575
Added marker 4827/9575
Added marker 4828/9575
Added marker 4829/9575
Added marker 4830/9575
Added marker 4831/9575
Added marker 4832/9575
Added marker 4833/9575
Added marker 4834/9575
Added marker 4835/9575
Added marker 4836/9575
Added marker 4837/9575
Added marker 4838/9575
Added marker 4839/9575
Added marker 4840/9575
Added marker 4841/9575
Added marker 4842/9575
Added marker 4843/9575
Added marker 4844/9575
Added marker 4845/9575
Added marker 4846/9575
Added marker 4847/9575
Added marker 4848/9575
Added marker 4849/9575
Added marker 4850/9575
Added marker 4851/9575
Added marker 4852/9575
Added marker 4853/9575
Added marker 4854/9575
Added marker 4855/9575
Added marker 4856/9575
Added marker 4857/9575
Added marker 4858/9575
Added marker 4859/9575
Added marker 4860/9575
Added marker 4861/9575
Added marker 4862/9575
Added marker 4863/9575
Added marker 4864/9575
Added marker 4865/9575
Added marker 4866/9575
Added marker 4867/9575
Added marker 4868/9575
Added marker 4869/9575
Added marker 4870/9575
Added marker 4871/9575
Added marker 4872/9575
Added marker 4873/9575
Added marker 4874/9575
Added marker 4875/9575
Added marker 4876/9575
Added marker 4877/9575
Added marker 4878/9575
Added marker 4879/9575
Added marker 4880/9575
Added marker 4881/9575
Added marker 4882/9575
Added marker 4883/9575
Added marker 4884/9575
Added marker 4885/9575
Added marker 4886/9575
Added marker 4887/9575
Added marker 4888/9575
Added marker 4889/9575
Added marker 4890/9575
Added marker 4891/9575
Added marker 4892/9575
Added marker 4893/9575
Added marker 4894/9575
Added marker 4895/9575
Added marker 4896/9575
Added marker 4897/9575
Added marker 4898/9575
Added marker 4899/9575
Added marker 4900/9575
Added marker 4901/9575
Added marker 4902/9575
Added marker 4903/9575
Added marker 4904/9575
Added marker 4905/9575
Added marker 4906/9575
Added marker 4907/9575
Added marker 4908/9575
Added marker 4909/9575
Added marker 4910/9575
Added marker 4911/9575
Added marker 4912/9575
Added marker 4913/9575
Added marker 4914/9575
Added marker 4915/9575
Added marker 4916/9575
Added marker 4917/9575
Added marker 4918/9575
Added marker 4919/9575
Added marker 4920/9575
Added marker 4921/9575
Added marker 4922/9575
Added marker 4923/9575
Added marker 4924/9575
Added marker 4925/9575
Added marker 4926/9575
Added marker 4927/9575
Added marker 4928/9575
Added marker 4929/9575
Added marker 4930/9575
Added marker 4931/9575
Added marker 4932/9575
Added marker 4933/9575
Added marker 4934/9575
Added marker 4935/9575
Added marker 4936/9575
Added marker 4937/9575
Added marker 4938/9575
Added marker 4939/9575
Added marker 4940/9575
Added marker 4941/9575
Added marker 4942/9575
Added marker 4943/9575
Added marker 4944/9575
Added marker 4945/9575
Added marker 4946/9575
Added marker 4947/9575
Added marker 4948/9575
Added marker 4949/9575
Added marker 4950/9575
Added marker 4951/9575
Added marker 4952/9575
Added marker 4953/9575
Added marker 4954/9575
Added marker 4955/9575
Added marker 4956/9575
Added marker 4957/9575
Added marker 4958/9575
Added marker 4959/9575
Added marker 4960/9575
Added marker 4961/9575
Added marker 4962/9575
Added marker 4963/9575
Added marker 4964/9575
Added marker 4965/9575
Added marker 4966/9575
Added marker 4967/9575
Added marker 4968/9575
Added marker 4969/9575
Added marker 4970/9575
Added marker 4971/9575
Added marker 4972/9575
Added marker 4973/9575
Added marker 4974/9575
Added marker 4975/9575
Added marker 4976/9575
Added marker 4977/9575
Added marker 4978/9575
Added marker 4979/9575
Added marker 4980/9575
Added marker 4981/9575
Added marker 4982/9575
Added marker 4983/9575
Added marker 4984/9575
Added marker 4985/9575
Added marker 4986/9575
Added marker 4987/9575
Added marker 4988/9575
Added marker 4989/9575
Added marker 4990/9575
Added marker 4991/9575
Added marker 4992/9575
Added marker 4993/9575
Added marker 4994/9575
Added marker 4995/9575
Added marker 4996/9575
Added marker 4997/9575
Added marker 4998/9575
Added marker 4999/9575
Added marker 5000/9575
Added marker 5001/9575
Added marker 5002/9575
Added marker 5003/9575
Added marker 5004/9575
Added marker 5005/9575
Added marker 5006/9575
Added marker 5007/9575
Added marker 5008/9575
Added marker 5009/9575
Added marker 5010/9575
Added marker 5011/9575
Added marker 5012/9575
Added marker 5013/9575
Added marker 5014/9575
Added marker 5015/9575
Added marker 5016/9575
Added marker 5017/9575
Added marker 5018/9575
Added marker 5019/9575
Added marker 5020/9575
Added marker 5021/9575
Added marker 5022/9575
Added marker 5023/9575
Added marker 5024/9575
Added marker 5025/9575
Added marker 5026/9575
Added marker 5027/9575
Added marker 5028/9575
Added marker 5029/9575
Added marker 5030/9575
Added marker 5031/9575
Added marker 5032/9575
Added marker 5033/9575
Added marker 5034/9575
Added marker 5035/9575
Added marker 5036/9575
Added marker 5037/9575
Added marker 5038/9575
Added marker 5039/9575
Added marker 5040/9575
Added marker 5041/9575
Added marker 5042/9575
Added marker 5043/9575
Added marker 5044/9575
Added marker 5045/9575
Added marker 5046/9575
Added marker 5047/9575
Added marker 5048/9575
Added marker 5049/9575
Added marker 5050/9575
Added marker 5051/9575
Added marker 5052/9575
Added marker 5053/9575
Added marker 5054/9575
Added marker 5055/9575
Added marker 5056/9575
Added marker 5057/9575
Added marker 5058/9575
Added marker 5059/9575
Added marker 5060/9575
Added marker 5061/9575
Added marker 5062/9575
Added marker 5063/9575
Added marker 5064/9575
Added marker 5065/9575
Added marker 5066/9575
Added marker 5067/9575
Added marker 5068/9575
Added marker 5069/9575
Added marker 5070/9575
Added marker 5071/9575
Added marker 5072/9575
Added marker 5073/9575
Added marker 5074/9575
Added marker 5075/9575
Added marker 5076/9575
Added marker 5077/9575
Added marker 5078/9575
Added marker 5079/9575
Added marker 5080/9575
Added marker 5081/9575
Added marker 5082/9575
Added marker 5083/9575
Added marker 5084/9575
Added marker 5085/9575
Added marker 5086/9575
Added marker 5087/9575
Added marker 5088/9575
Added marker 5089/9575
Added marker 5090/9575
Added marker 5091/9575
Added marker 5092/9575
Added marker 5093/9575
Added marker 5094/9575
Added marker 5095/9575
Added marker 5096/9575
Added marker 5097/9575
Added marker 5098/9575
Added marker 5099/9575
Added marker 5100/9575
Added marker 5101/9575
Added marker 5102/9575
Added marker 5103/9575
Added marker 5104/9575
Added marker 5105/9575
Added marker 5106/9575
Added marker 5107/9575
Added marker 5108/9575
Added marker 5109/9575
Added marker 5110/9575
Added marker 5111/9575
Added marker 5112/9575
Added marker 5113/9575
Added marker 5114/9575
Added marker 5115/9575
Added marker 5116/9575
Added marker 5117/9575
Added marker 5118/9575
Added marker 5119/9575
Added marker 5120/9575
Added marker 5121/9575
Added marker 5122/9575
Added marker 5123/9575
Added marker 5124/9575
Added marker 5125/9575
Added marker 5126/9575
Added marker 5127/9575
Added marker 5128/9575
Added marker 5129/9575
Added marker 5130/9575
Added marker 5131/9575
Added marker 5132/9575
Added marker 5133/9575
Added marker 5134/9575
Added marker 5135/9575
Added marker 5136/9575
Added marker 5137/9575
Added marker 5138/9575
Added marker 5139/9575
Added marker 5140/9575
Added marker 5141/9575
Added marker 5142/9575
Added marker 5143/9575
Added marker 5144/9575
Added marker 5145/9575
Added marker 5146/9575
Added marker 5147/9575
Added marker 5148/9575
Added marker 5149/9575
Added marker 5150/9575
Added marker 5151/9575
Added marker 5152/9575
Added marker 5153/9575
Added marker 5154/9575
Added marker 5155/9575
Added marker 5156/9575
Added marker 5157/9575
Added marker 5158/9575
Added marker 5159/9575
Added marker 5160/9575
Added marker 5161/9575
Added marker 5162/9575
Added marker 5163/9575
Added marker 5164/9575
Added marker 5165/9575
Added marker 5166/9575
Added marker 5167/9575
Added marker 5168/9575
Added marker 5169/9575
Added marker 5170/9575
Added marker 5171/9575
Added marker 5172/9575
Added marker 5173/9575
Added marker 5174/9575
Added marker 5175/9575
Added marker 5176/9575
Added marker 5177/9575
Added marker 5178/9575
Added marker 5179/9575
Added marker 5180/9575
Added marker 5181/9575
Added marker 5182/9575
Added marker 5183/9575
Added marker 5184/9575
Added marker 5185/9575
Added marker 5186/9575
Added marker 5187/9575
Added marker 5188/9575
Added marker 5189/9575
Added marker 5190/9575
Added marker 5191/9575
Added marker 5192/9575
Added marker 5193/9575
Added marker 5194/9575
Added marker 5195/9575
Added marker 5196/9575
Added marker 5197/9575
Added marker 5198/9575
Added marker 5199/9575
Added marker 5200/9575
Added marker 5201/9575
Added marker 5202/9575
Added marker 5203/9575
Added marker 5204/9575
Added marker 5205/9575
Added marker 5206/9575
Added marker 5207/9575
Added marker 5208/9575
Added marker 5209/9575
Added marker 5210/9575
Added marker 5211/9575
Added marker 5212/9575
Added marker 5213/9575
Added marker 5214/9575
Added marker 5215/9575
Added marker 5216/9575
Added marker 5217/9575
Added marker 5218/9575
Added marker 5219/9575
Added marker 5220/9575
Added marker 5221/9575
Added marker 5222/9575
Added marker 5223/9575
Added marker 5224/9575
Added marker 5225/9575
Added marker 5226/9575
Added marker 5227/9575
Added marker 5228/9575
Added marker 5229/9575
Added marker 5230/9575
Added marker 5231/9575
Added marker 5232/9575
Added marker 5233/9575
Added marker 5234/9575
Added marker 5235/9575
Added marker 5236/9575
Added marker 5237/9575
Added marker 5238/9575
Added marker 5239/9575
Added marker 5240/9575
Added marker 5241/9575
Added marker 5242/9575
Added marker 5243/9575
Added marker 5244/9575
Added marker 5245/9575
Added marker 5246/9575
Added marker 5247/9575
Added marker 5248/9575
Added marker 5249/9575
Added marker 5250/9575
Added marker 5251/9575
Added marker 5252/9575
Added marker 5253/9575
Added marker 5254/9575
Added marker 5255/9575
Added marker 5256/9575
Added marker 5257/9575
Added marker 5258/9575
Added marker 5259/9575
Added marker 5260/9575
Added marker 5261/9575
Added marker 5262/9575
Added marker 5263/9575
Added marker 5264/9575
Added marker 5265/9575
Added marker 5266/9575
Added marker 5267/9575
Added marker 5268/9575
Added marker 5269/9575
Added marker 5270/9575
Added marker 5271/9575
Added marker 5272/9575
Added marker 5273/9575
Added marker 5274/9575
Added marker 5275/9575
Added marker 5276/9575
Added marker 5277/9575
Added marker 5278/9575
Added marker 5279/9575
Added marker 5280/9575
Added marker 5281/9575
Added marker 5282/9575
Added marker 5283/9575
Added marker 5284/9575
Added marker 5285/9575
Added marker 5286/9575
Added marker 5287/9575
Added marker 5288/9575
Added marker 5289/9575
Added marker 5290/9575
Added marker 5291/9575
Added marker 5292/9575
Added marker 5293/9575
Added marker 5294/9575
Added marker 5295/9575
Added marker 5296/9575
Added marker 5297/9575
Added marker 5298/9575
Added marker 5299/9575
Added marker 5300/9575
Added marker 5301/9575
Added marker 5302/9575
Added marker 5303/9575
Added marker 5304/9575
Added marker 5305/9575
Added marker 5306/9575
Added marker 5307/9575
Added marker 5308/9575
Added marker 5309/9575
Added marker 5310/9575
Added marker 5311/9575
Added marker 5312/9575
Added marker 5313/9575
Added marker 5314/9575
Added marker 5315/9575
Added marker 5316/9575
Added marker 5317/9575
Added marker 5318/9575
Added marker 5319/9575
Added marker 5320/9575
Added marker 5321/9575
Added marker 5322/9575
Added marker 5323/9575
Added marker 5324/9575
Added marker 5325/9575
Added marker 5326/9575
Added marker 5327/9575
Added marker 5328/9575
Added marker 5329/9575
Added marker 5330/9575
Added marker 5331/9575
Added marker 5332/9575
Added marker 5333/9575
Added marker 5334/9575
Added marker 5335/9575
Added marker 5336/9575
Added marker 5337/9575
Added marker 5338/9575
Added marker 5339/9575
Added marker 5340/9575
Added marker 5341/9575
Added marker 5342/9575
Added marker 5343/9575
Added marker 5344/9575
Added marker 5345/9575
Added marker 5346/9575
Added marker 5347/9575
Added marker 5348/9575
Added marker 5349/9575
Added marker 5350/9575
Added marker 5351/9575
Added marker 5352/9575
Added marker 5353/9575
Added marker 5354/9575
Added marker 5355/9575
Added marker 5356/9575
Added marker 5357/9575
Added marker 5358/9575
Added marker 5359/9575
Added marker 5360/9575
Added marker 5361/9575
Added marker 5362/9575
Added marker 5363/9575
Added marker 5364/9575
Added marker 5365/9575
Added marker 5366/9575
Added marker 5367/9575
Added marker 5368/9575
Added marker 5369/9575
Added marker 5370/9575
Added marker 5371/9575
Added marker 5372/9575
Added marker 5373/9575
Added marker 5374/9575
Added marker 5375/9575
Added marker 5376/9575
Added marker 5377/9575
Added marker 5378/9575
Added marker 5379/9575
Added marker 5380/9575
Added marker 5381/9575
Added marker 5382/9575
Added marker 5383/9575
Added marker 5384/9575
Added marker 5385/9575
Added marker 5386/9575
Added marker 5387/9575
Added marker 5388/9575
Added marker 5389/9575
Added marker 5390/9575
Added marker 5391/9575
Added marker 5392/9575
Added marker 5393/9575
Added marker 5394/9575
Added marker 5395/9575
Added marker 5396/9575
Added marker 5397/9575
Added marker 5398/9575
Added marker 5399/9575
Added marker 5400/9575
Added marker 5401/9575
Added marker 5402/9575
Added marker 5403/9575
Added marker 5404/9575
Added marker 5405/9575
Added marker 5406/9575
Added marker 5407/9575
Added marker 5408/9575
Added marker 5409/9575
Added marker 5410/9575
Added marker 5411/9575
Added marker 5412/9575
Added marker 5413/9575
Added marker 5414/9575
Added marker 5415/9575
Added marker 5416/9575
Added marker 5417/9575
Added marker 5418/9575
Added marker 5419/9575
Added marker 5420/9575
Added marker 5421/9575
Added marker 5422/9575
Added marker 5423/9575
Added marker 5424/9575
Added marker 5425/9575
Added marker 5426/9575
Added marker 5427/9575
Added marker 5428/9575
Added marker 5429/9575
Added marker 5430/9575
Added marker 5431/9575
Added marker 5432/9575
Added marker 5433/9575
Added marker 5434/9575
Added marker 5435/9575
Added marker 5436/9575
Added marker 5437/9575
Added marker 5438/9575
Added marker 5439/9575
Added marker 5440/9575
Added marker 5441/9575
Added marker 5442/9575
Added marker 5443/9575
Added marker 5444/9575
Added marker 5445/9575
Added marker 5446/9575
Added marker 5447/9575
Added marker 5448/9575
Added marker 5449/9575
Added marker 5450/9575
Added marker 5451/9575
Added marker 5452/9575
Added marker 5453/9575
Added marker 5454/9575
Added marker 5455/9575
Added marker 5456/9575
Added marker 5457/9575
Added marker 5458/9575
Added marker 5459/9575
Added marker 5460/9575
Added marker 5461/9575
Added marker 5462/9575
Added marker 5463/9575
Added marker 5464/9575
Added marker 5465/9575
Added marker 5466/9575
Added marker 5467/9575
Added marker 5468/9575
Added marker 5469/9575
Added marker 5470/9575
Added marker 5471/9575
Added marker 5472/9575
Added marker 5473/9575
Added marker 5474/9575
Added marker 5475/9575
Added marker 5476/9575
Added marker 5477/9575
Added marker 5478/9575
Added marker 5479/9575
Added marker 5480/9575
Added marker 5481/9575
Added marker 5482/9575
Added marker 5483/9575
Added marker 5484/9575
Added marker 5485/9575
Added marker 5486/9575
Added marker 5487/9575
Added marker 5488/9575
Added marker 5489/9575
Added marker 5490/9575
Added marker 5491/9575
Added marker 5492/9575
Added marker 5493/9575
Added marker 5494/9575
Added marker 5495/9575
Added marker 5496/9575
Added marker 5497/9575
Added marker 5498/9575
Added marker 5499/9575
Added marker 5500/9575
Added marker 5501/9575
Added marker 5502/9575
Added marker 5503/9575
Added marker 5504/9575
Added marker 5505/9575
Added marker 5506/9575
Added marker 5507/9575
Added marker 5508/9575
Added marker 5509/9575
Added marker 5510/9575
Added marker 5511/9575
Added marker 5512/9575
Added marker 5513/9575
Added marker 5514/9575
Added marker 5515/9575
Added marker 5516/9575
Added marker 5517/9575
Added marker 5518/9575
Added marker 5519/9575
Added marker 5520/9575
Added marker 5521/9575
Added marker 5522/9575
Added marker 5523/9575
Added marker 5524/9575
Added marker 5525/9575
Added marker 5526/9575
Added marker 5527/9575
Added marker 5528/9575
Added marker 5529/9575
Added marker 5530/9575
Added marker 5531/9575
Added marker 5532/9575
Added marker 5533/9575
Added marker 5534/9575
Added marker 5535/9575
Added marker 5536/9575
Added marker 5537/9575
Added marker 5538/9575
Added marker 5539/9575
Added marker 5540/9575
Added marker 5541/9575
Added marker 5542/9575
Added marker 5543/9575
Added marker 5544/9575
Added marker 5545/9575
Added marker 5546/9575
Added marker 5547/9575
Added marker 5548/9575
Added marker 5549/9575
Added marker 5550/9575
Added marker 5551/9575
Added marker 5552/9575
Added marker 5553/9575
Added marker 5554/9575
Added marker 5555/9575
Added marker 5556/9575
Added marker 5557/9575
Added marker 5558/9575
Added marker 5559/9575
Added marker 5560/9575
Added marker 5561/9575
Added marker 5562/9575
Added marker 5563/9575
Added marker 5564/9575
Added marker 5565/9575
Added marker 5566/9575
Added marker 5567/9575
Added marker 5568/9575
Added marker 5569/9575
Added marker 5570/9575
Added marker 5571/9575
Added marker 5572/9575
Added marker 5573/9575
Added marker 5574/9575
Added marker 5575/9575
Added marker 5576/9575
Added marker 5577/9575
Added marker 5578/9575
Added marker 5579/9575
Added marker 5580/9575
Added marker 5581/9575
Added marker 5582/9575
Added marker 5583/9575
Added marker 5584/9575
Added marker 5585/9575
Added marker 5586/9575
Added marker 5587/9575
Added marker 5588/9575
Added marker 5589/9575
Added marker 5590/9575
Added marker 5591/9575
Added marker 5592/9575
Added marker 5593/9575
Added marker 5594/9575
Added marker 5595/9575
Added marker 5596/9575
Added marker 5597/9575
Added marker 5598/9575
Added marker 5599/9575
Added marker 5600/9575
Added marker 5601/9575
Added marker 5602/9575
Added marker 5603/9575
Added marker 5604/9575
Added marker 5605/9575
Added marker 5606/9575
Added marker 5607/9575
Added marker 5608/9575
Added marker 5609/9575
Added marker 5610/9575
Added marker 5611/9575
Added marker 5612/9575
Added marker 5613/9575
Added marker 5614/9575
Added marker 5615/9575
Added marker 5616/9575
Added marker 5617/9575
Added marker 5618/9575
Added marker 5619/9575
Added marker 5620/9575
Added marker 5621/9575
Added marker 5622/9575
Added marker 5623/9575
Added marker 5624/9575
Added marker 5625/9575
Added marker 5626/9575
Added marker 5627/9575
Added marker 5628/9575
Added marker 5629/9575
Added marker 5630/9575
Added marker 5631/9575
Added marker 5632/9575
Added marker 5633/9575
Added marker 5634/9575
Added marker 5635/9575
Added marker 5636/9575
Added marker 5637/9575
Added marker 5638/9575
Added marker 5639/9575
Added marker 5640/9575
Added marker 5641/9575
Added marker 5642/9575
Added marker 5643/9575
Added marker 5644/9575
Added marker 5645/9575
Added marker 5646/9575
Added marker 5647/9575
Added marker 5648/9575
Added marker 5649/9575
Added marker 5650/9575
Added marker 5651/9575
Added marker 5652/9575
Added marker 5653/9575
Added marker 5654/9575
Added marker 5655/9575
Added marker 5656/9575
Added marker 5657/9575
Added marker 5658/9575
Added marker 5659/9575
Added marker 5660/9575
Added marker 5661/9575
Added marker 5662/9575
Added marker 5663/9575
Added marker 5664/9575
Added marker 5665/9575
Added marker 5666/9575
Added marker 5667/9575
Added marker 5668/9575
Added marker 5669/9575
Added marker 5670/9575
Added marker 5671/9575
Added marker 5672/9575
Added marker 5673/9575
Added marker 5674/9575
Added marker 5675/9575
Added marker 5676/9575
Added marker 5677/9575
Added marker 5678/9575
Added marker 5679/9575
Added marker 5680/9575
Added marker 5681/9575
Added marker 5682/9575
Added marker 5683/9575
Added marker 5684/9575
Added marker 5685/9575
Added marker 5686/9575
Added marker 5687/9575
Added marker 5688/9575
Added marker 5689/9575
Added marker 5690/9575
Added marker 5691/9575
Added marker 5692/9575
Added marker 5693/9575
Added marker 5694/9575
Added marker 5695/9575
Added marker 5696/9575
Added marker 5697/9575
Added marker 5698/9575
Added marker 5699/9575
Added marker 5700/9575
Added marker 5701/9575
Added marker 5702/9575
Added marker 5703/9575
Added marker 5704/9575
Added marker 5705/9575
Added marker 5706/9575
Added marker 5707/9575
Added marker 5708/9575
Added marker 5709/9575
Added marker 5710/9575
Added marker 5711/9575
Added marker 5712/9575
Added marker 5713/9575
Added marker 5714/9575
Added marker 5715/9575
Added marker 5716/9575
Added marker 5717/9575
Added marker 5718/9575
Added marker 5719/9575
Added marker 5720/9575
Added marker 5721/9575
Added marker 5722/9575
Added marker 5723/9575
Added marker 5724/9575
Added marker 5725/9575
Added marker 5726/9575
Added marker 5727/9575
Added marker 5728/9575
Added marker 5729/9575
Added marker 5730/9575
Added marker 5731/9575
Added marker 5732/9575
Added marker 5733/9575
Added marker 5734/9575
Added marker 5735/9575
Added marker 5736/9575
Added marker 5737/9575
Added marker 5738/9575
Added marker 5739/9575
Added marker 5740/9575
Added marker 5741/9575
Added marker 5742/9575
Added marker 5743/9575
Added marker 5744/9575
Added marker 5745/9575
Added marker 5746/9575
Added marker 5747/9575
Added marker 5748/9575
Added marker 5749/9575
Added marker 5750/9575
Added marker 5751/9575
Added marker 5752/9575
Added marker 5753/9575
Added marker 5754/9575
Added marker 5755/9575
Added marker 5756/9575
Added marker 5757/9575
Added marker 5758/9575
Added marker 5759/9575
Added marker 5760/9575
Added marker 5761/9575
Added marker 5762/9575
Added marker 5763/9575
Added marker 5764/9575
Added marker 5765/9575
Added marker 5766/9575
Added marker 5767/9575
Added marker 5768/9575
Added marker 5769/9575
Added marker 5770/9575
Added marker 5771/9575
Added marker 5772/9575
Added marker 5773/9575
Added marker 5774/9575
Added marker 5775/9575
Added marker 5776/9575
Added marker 5777/9575
Added marker 5778/9575
Added marker 5779/9575
Added marker 5780/9575
Added marker 5781/9575
Added marker 5782/9575
Added marker 5783/9575
Added marker 5784/9575
Added marker 5785/9575
Added marker 5786/9575
Added marker 5787/9575
Added marker 5788/9575
Added marker 5789/9575
Added marker 5790/9575
Added marker 5791/9575
Added marker 5792/9575
Added marker 5793/9575
Added marker 5794/9575
Added marker 5795/9575
Added marker 5796/9575
Added marker 5797/9575
Added marker 5798/9575
Added marker 5799/9575
Added marker 5800/9575
Added marker 5801/9575
Added marker 5802/9575
Added marker 5803/9575
Added marker 5804/9575
Added marker 5805/9575
Added marker 5806/9575
Added marker 5807/9575
Added marker 5808/9575
Added marker 5809/9575
Added marker 5810/9575
Added marker 5811/9575
Added marker 5812/9575
Added marker 5813/9575
Added marker 5814/9575
Added marker 5815/9575
Added marker 5816/9575
Added marker 5817/9575
Added marker 5818/9575
Added marker 5819/9575
Added marker 5820/9575
Added marker 5821/9575
Added marker 5822/9575
Added marker 5823/9575
Added marker 5824/9575
Added marker 5825/9575
Added marker 5826/9575
Added marker 5827/9575
Added marker 5828/9575
Added marker 5829/9575
Added marker 5830/9575
Added marker 5831/9575
Added marker 5832/9575
Added marker 5833/9575
Added marker 5834/9575
Added marker 5835/9575
Added marker 5836/9575
Added marker 5837/9575
Added marker 5838/9575
Added marker 5839/9575
Added marker 5840/9575
Added marker 5841/9575
Added marker 5842/9575
Added marker 5843/9575
Added marker 5844/9575
Added marker 5845/9575
Added marker 5846/9575
Added marker 5847/9575
Added marker 5848/9575
Added marker 5849/9575
Added marker 5850/9575
Added marker 5851/9575
Added marker 5852/9575
Added marker 5853/9575
Added marker 5854/9575
Added marker 5855/9575
Added marker 5856/9575
Added marker 5857/9575
Added marker 5858/9575
Added marker 5859/9575
Added marker 5860/9575
Added marker 5861/9575
Added marker 5862/9575
Added marker 5863/9575
Added marker 5864/9575
Added marker 5865/9575
Added marker 5866/9575
Added marker 5867/9575
Added marker 5868/9575
Added marker 5869/9575
Added marker 5870/9575
Added marker 5871/9575
Added marker 5872/9575
Added marker 5873/9575
Added marker 5874/9575
Added marker 5875/9575
Added marker 5876/9575
Added marker 5877/9575
Added marker 5878/9575
Added marker 5879/9575
Added marker 5880/9575
Added marker 5881/9575
Added marker 5882/9575
Added marker 5883/9575
Added marker 5884/9575
Added marker 5885/9575
Added marker 5886/9575
Added marker 5887/9575
Added marker 5888/9575
Added marker 5889/9575
Added marker 5890/9575
Added marker 5891/9575
Added marker 5892/9575
Added marker 5893/9575
Added marker 5894/9575
Added marker 5895/9575
Added marker 5896/9575
Added marker 5897/9575
Added marker 5898/9575
Added marker 5899/9575
Added marker 5900/9575
Added marker 5901/9575
Added marker 5902/9575
Added marker 5903/9575
Added marker 5904/9575
Added marker 5905/9575
Added marker 5906/9575
Added marker 5907/9575
Added marker 5908/9575
Added marker 5909/9575
Added marker 5910/9575
Added marker 5911/9575
Added marker 5912/9575
Added marker 5913/9575
Added marker 5914/9575
Added marker 5915/9575
Added marker 5916/9575
Added marker 5917/9575
Added marker 5918/9575
Added marker 5919/9575
Added marker 5920/9575
Added marker 5921/9575
Added marker 5922/9575
Added marker 5923/9575
Added marker 5924/9575
Added marker 5925/9575
Added marker 5926/9575
Added marker 5927/9575
Added marker 5928/9575
Added marker 5929/9575
Added marker 5930/9575
Added marker 5931/9575
Added marker 5932/9575
Added marker 5933/9575
Added marker 5934/9575
Added marker 5935/9575
Added marker 5936/9575
Added marker 5937/9575
Added marker 5938/9575
Added marker 5939/9575
Added marker 5940/9575
Added marker 5941/9575
Added marker 5942/9575
Added marker 5943/9575
Added marker 5944/9575
Added marker 5945/9575
Added marker 5946/9575
Added marker 5947/9575
Added marker 5948/9575
Added marker 5949/9575
Added marker 5950/9575
Added marker 5951/9575
Added marker 5952/9575
Added marker 5953/9575
Added marker 5954/9575
Added marker 5955/9575
Added marker 5956/9575
Added marker 5957/9575
Added marker 5958/9575
Added marker 5959/9575
Added marker 5960/9575
Added marker 5961/9575
Added marker 5962/9575
Added marker 5963/9575
Added marker 5964/9575
Added marker 5965/9575
Added marker 5966/9575
Added marker 5967/9575
Added marker 5968/9575
Added marker 5969/9575
Added marker 5970/9575
Added marker 5971/9575
Added marker 5972/9575
Added marker 5973/9575
Added marker 5974/9575
Added marker 5975/9575
Added marker 5976/9575
Added marker 5977/9575
Added marker 5978/9575
Added marker 5979/9575
Added marker 5980/9575
Added marker 5981/9575
Added marker 5982/9575
Added marker 5983/9575
Added marker 5984/9575
Added marker 5985/9575
Added marker 5986/9575
Added marker 5987/9575
Added marker 5988/9575
Added marker 5989/9575
Added marker 5990/9575
Added marker 5991/9575
Added marker 5992/9575
Added marker 5993/9575
Added marker 5994/9575
Added marker 5995/9575
Added marker 5996/9575
Added marker 5997/9575
Added marker 5998/9575
Added marker 5999/9575
Added marker 6000/9575
Added marker 6001/9575
Added marker 6002/9575
Added marker 6003/9575
Added marker 6004/9575
Added marker 6005/9575
Added marker 6006/9575
Added marker 6007/9575
Added marker 6008/9575
Added marker 6009/9575
Added marker 6010/9575
Added marker 6011/9575
Added marker 6012/9575
Added marker 6013/9575
Added marker 6014/9575
Added marker 6015/9575
Added marker 6016/9575
Added marker 6017/9575
Added marker 6018/9575
Added marker 6019/9575
Added marker 6020/9575
Added marker 6021/9575
Added marker 6022/9575
Added marker 6023/9575
Added marker 6024/9575
Added marker 6025/9575
Added marker 6026/9575
Added marker 6027/9575
Added marker 6028/9575
Added marker 6029/9575
Added marker 6030/9575
Added marker 6031/9575
Added marker 6032/9575
Added marker 6033/9575
Added marker 6034/9575
Added marker 6035/9575
Added marker 6036/9575
Added marker 6037/9575
Added marker 6038/9575
Added marker 6039/9575
Added marker 6040/9575
Added marker 6041/9575
Added marker 6042/9575
Added marker 6043/9575
Added marker 6044/9575
Added marker 6045/9575
Added marker 6046/9575
Added marker 6047/9575
Added marker 6048/9575
Added marker 6049/9575
Added marker 6050/9575
Added marker 6051/9575
Added marker 6052/9575
Added marker 6053/9575
Added marker 6054/9575
Added marker 6055/9575
Added marker 6056/9575
Added marker 6057/9575
Added marker 6058/9575
Added marker 6059/9575
Added marker 6060/9575
Added marker 6061/9575
Added marker 6062/9575
Added marker 6063/9575
Added marker 6064/9575
Added marker 6065/9575
Added marker 6066/9575
Added marker 6067/9575
Added marker 6068/9575
Added marker 6069/9575
Added marker 6070/9575
Added marker 6071/9575
Added marker 6072/9575
Added marker 6073/9575
Added marker 6074/9575
Added marker 6075/9575
Added marker 6076/9575
Added marker 6077/9575
Added marker 6078/9575
Added marker 6079/9575
Added marker 6080/9575
Added marker 6081/9575
Added marker 6082/9575
Added marker 6083/9575
Added marker 6084/9575
Added marker 6085/9575
Added marker 6086/9575
Added marker 6087/9575
Added marker 6088/9575
Added marker 6089/9575
Added marker 6090/9575
Added marker 6091/9575
Added marker 6092/9575
Added marker 6093/9575
Added marker 6094/9575
Added marker 6095/9575
Added marker 6096/9575
Added marker 6097/9575
Added marker 6098/9575
Added marker 6099/9575
Added marker 6100/9575
Added marker 6101/9575
Added marker 6102/9575
Added marker 6103/9575
Added marker 6104/9575
Added marker 6105/9575
Added marker 6106/9575
Added marker 6107/9575
Added marker 6108/9575
Added marker 6109/9575
Added marker 6110/9575
Added marker 6111/9575
Added marker 6112/9575
Added marker 6113/9575
Added marker 6114/9575
Added marker 6115/9575
Added marker 6116/9575
Added marker 6117/9575
Added marker 6118/9575
Added marker 6119/9575
Added marker 6120/9575
Added marker 6121/9575
Added marker 6122/9575
Added marker 6123/9575
Added marker 6124/9575
Added marker 6125/9575
Added marker 6126/9575
Added marker 6127/9575
Added marker 6128/9575
Added marker 6129/9575
Added marker 6130/9575
Added marker 6131/9575
Added marker 6132/9575
Added marker 6133/9575
Added marker 6134/9575
Added marker 6135/9575
Added marker 6136/9575
Added marker 6137/9575
Added marker 6138/9575
Added marker 6139/9575
Added marker 6140/9575
Added marker 6141/9575
Added marker 6142/9575
Added marker 6143/9575
Added marker 6144/9575
Added marker 6145/9575
Added marker 6146/9575
Added marker 6147/9575
Added marker 6148/9575
Added marker 6149/9575
Added marker 6150/9575
Added marker 6151/9575
Added marker 6152/9575
Added marker 6153/9575
Added marker 6154/9575
Added marker 6155/9575
Added marker 6156/9575
Added marker 6157/9575
Added marker 6158/9575
Added marker 6159/9575
Added marker 6160/9575
Added marker 6161/9575
Added marker 6162/9575
Added marker 6163/9575
Added marker 6164/9575
Added marker 6165/9575
Added marker 6166/9575
Added marker 6167/9575
Added marker 6168/9575
Added marker 6169/9575
Added marker 6170/9575
Added marker 6171/9575
Added marker 6172/9575
Added marker 6173/9575
Added marker 6174/9575
Added marker 6175/9575
Added marker 6176/9575
Added marker 6177/9575
Added marker 6178/9575
Added marker 6179/9575
Added marker 6180/9575
Added marker 6181/9575
Added marker 6182/9575
Added marker 6183/9575
Added marker 6184/9575
Added marker 6185/9575
Added marker 6186/9575
Added marker 6187/9575
Added marker 6188/9575
Added marker 6189/9575
Added marker 6190/9575
Added marker 6191/9575
Added marker 6192/9575
Added marker 6193/9575
Added marker 6194/9575
Added marker 6195/9575
Added marker 6196/9575
Added marker 6197/9575
Added marker 6198/9575
Added marker 6199/9575
Added marker 6200/9575
Added marker 6201/9575
Added marker 6202/9575
Added marker 6203/9575
Added marker 6204/9575
Added marker 6205/9575
Added marker 6206/9575
Added marker 6207/9575
Added marker 6208/9575
Added marker 6209/9575
Added marker 6210/9575
Added marker 6211/9575
Added marker 6212/9575
Added marker 6213/9575
Added marker 6214/9575
Added marker 6215/9575
Added marker 6216/9575
Added marker 6217/9575
Added marker 6218/9575
Added marker 6219/9575
Added marker 6220/9575
Added marker 6221/9575
Added marker 6222/9575
Added marker 6223/9575
Added marker 6224/9575
Added marker 6225/9575
Added marker 6226/9575
Added marker 6227/9575
Added marker 6228/9575
Added marker 6229/9575
Added marker 6230/9575
Added marker 6231/9575
Added marker 6232/9575
Added marker 6233/9575
Added marker 6234/9575
Added marker 6235/9575
Added marker 6236/9575
Added marker 6237/9575
Added marker 6238/9575
Added marker 6239/9575
Added marker 6240/9575
Added marker 6241/9575
Added marker 6242/9575
Added marker 6243/9575
Added marker 6244/9575
Added marker 6245/9575
Added marker 6246/9575
Added marker 6247/9575
Added marker 6248/9575
Added marker 6249/9575
Added marker 6250/9575
Added marker 6251/9575
Added marker 6252/9575
Added marker 6253/9575
Added marker 6254/9575
Added marker 6255/9575
Added marker 6256/9575
Added marker 6257/9575
Added marker 6258/9575
Added marker 6259/9575
Added marker 6260/9575
Added marker 6261/9575
Added marker 6262/9575
Added marker 6263/9575
Added marker 6264/9575
Added marker 6265/9575
Added marker 6266/9575
Added marker 6267/9575
Added marker 6268/9575
Added marker 6269/9575
Added marker 6270/9575
Added marker 6271/9575
Added marker 6272/9575
Added marker 6273/9575
Added marker 6274/9575
Added marker 6275/9575
Added marker 6276/9575
Added marker 6277/9575
Added marker 6278/9575
Added marker 6279/9575
Added marker 6280/9575
Added marker 6281/9575
Added marker 6282/9575
Added marker 6283/9575
Added marker 6284/9575
Added marker 6285/9575
Added marker 6286/9575
Added marker 6287/9575
Added marker 6288/9575
Added marker 6289/9575
Added marker 6290/9575
Added marker 6291/9575
Added marker 6292/9575
Added marker 6293/9575
Added marker 6294/9575
Added marker 6295/9575
Added marker 6296/9575
Added marker 6297/9575
Added marker 6298/9575
Added marker 6299/9575
Added marker 6300/9575
Added marker 6301/9575
Added marker 6302/9575
Added marker 6303/9575
Added marker 6304/9575
Added marker 6305/9575
Added marker 6306/9575
Added marker 6307/9575
Added marker 6308/9575
Added marker 6309/9575
Added marker 6310/9575
Added marker 6311/9575
Added marker 6312/9575
Added marker 6313/9575
Added marker 6314/9575
Added marker 6315/9575
Added marker 6316/9575
Added marker 6317/9575
Added marker 6318/9575
Added marker 6319/9575
Added marker 6320/9575
Added marker 6321/9575
Added marker 6322/9575
Added marker 6323/9575
Added marker 6324/9575
Added marker 6325/9575
Added marker 6326/9575
Added marker 6327/9575
Added marker 6328/9575
Added marker 6329/9575
Added marker 6330/9575
Added marker 6331/9575
Added marker 6332/9575
Added marker 6333/9575
Added marker 6334/9575
Added marker 6335/9575
Added marker 6336/9575
Added marker 6337/9575
Added marker 6338/9575
Added marker 6339/9575
Added marker 6340/9575
Added marker 6341/9575
Added marker 6342/9575
Added marker 6343/9575
Added marker 6344/9575
Added marker 6345/9575
Added marker 6346/9575
Added marker 6347/9575
Added marker 6348/9575
Added marker 6349/9575
Added marker 6350/9575
Added marker 6351/9575
Added marker 6352/9575
Added marker 6353/9575
Added marker 6354/9575
Added marker 6355/9575
Added marker 6356/9575
Added marker 6357/9575
Added marker 6358/9575
Added marker 6359/9575
Added marker 6360/9575
Added marker 6361/9575
Added marker 6362/9575
Added marker 6363/9575
Added marker 6364/9575
Added marker 6365/9575
Added marker 6366/9575
Added marker 6367/9575
Added marker 6368/9575
Added marker 6369/9575
Added marker 6370/9575
Added marker 6371/9575
Added marker 6372/9575
Added marker 6373/9575
Added marker 6374/9575
Added marker 6375/9575
Added marker 6376/9575
Added marker 6377/9575
Added marker 6378/9575
Added marker 6379/9575
Added marker 6380/9575
Added marker 6381/9575
Added marker 6382/9575
Added marker 6383/9575
Added marker 6384/9575
Added marker 6385/9575
Added marker 6386/9575
Added marker 6387/9575
Added marker 6388/9575
Added marker 6389/9575
Added marker 6390/9575
Added marker 6391/9575
Added marker 6392/9575
Added marker 6393/9575
Added marker 6394/9575
Added marker 6395/9575
Added marker 6396/9575
Added marker 6397/9575
Added marker 6398/9575
Added marker 6399/9575
Added marker 6400/9575
Added marker 6401/9575
Added marker 6402/9575
Added marker 6403/9575
Added marker 6404/9575
Added marker 6405/9575
Added marker 6406/9575
Added marker 6407/9575
Added marker 6408/9575
Added marker 6409/9575
Added marker 6410/9575
Added marker 6411/9575
Added marker 6412/9575
Added marker 6413/9575
Added marker 6414/9575
Added marker 6415/9575
Added marker 6416/9575
Added marker 6417/9575
Added marker 6418/9575
Added marker 6419/9575
Added marker 6420/9575
Added marker 6421/9575
Added marker 6422/9575
Added marker 6423/9575
Added marker 6424/9575
Added marker 6425/9575
Added marker 6426/9575
Added marker 6427/9575
Added marker 6428/9575
Added marker 6429/9575
Added marker 6430/9575
Added marker 6431/9575
Added marker 6432/9575
Added marker 6433/9575
Added marker 6434/9575
Added marker 6435/9575
Added marker 6436/9575
Added marker 6437/9575
Added marker 6438/9575
Added marker 6439/9575
Added marker 6440/9575
Added marker 6441/9575
Added marker 6442/9575
Added marker 6443/9575
Added marker 6444/9575
Added marker 6445/9575
Added marker 6446/9575
Added marker 6447/9575
Added marker 6448/9575
Added marker 6449/9575
Added marker 6450/9575
Added marker 6451/9575
Added marker 6452/9575
Added marker 6453/9575
Added marker 6454/9575
Added marker 6455/9575
Added marker 6456/9575
Added marker 6457/9575
Added marker 6458/9575
Added marker 6459/9575
Added marker 6460/9575
Added marker 6461/9575
Added marker 6462/9575
Added marker 6463/9575
Added marker 6464/9575
Added marker 6465/9575
Added marker 6466/9575
Added marker 6467/9575
Added marker 6468/9575
Added marker 6469/9575
Added marker 6470/9575
Added marker 6471/9575
Added marker 6472/9575
Added marker 6473/9575
Added marker 6474/9575
Added marker 6475/9575
Added marker 6476/9575
Added marker 6477/9575
Added marker 6478/9575
Added marker 6479/9575
Added marker 6480/9575
Added marker 6481/9575
Added marker 6482/9575
Added marker 6483/9575
Added marker 6484/9575
Added marker 6485/9575
Added marker 6486/9575
Added marker 6487/9575
Added marker 6488/9575
Added marker 6489/9575
Added marker 6490/9575
Added marker 6491/9575
Added marker 6492/9575
Added marker 6493/9575
Added marker 6494/9575
Added marker 6495/9575
Added marker 6496/9575
Added marker 6497/9575
Added marker 6498/9575
Added marker 6499/9575
Added marker 6500/9575
Added marker 6501/9575
Added marker 6502/9575
Added marker 6503/9575
Added marker 6504/9575
Added marker 6505/9575
Added marker 6506/9575
Added marker 6507/9575
Added marker 6508/9575
Added marker 6509/9575
Added marker 6510/9575
Added marker 6511/9575
Added marker 6512/9575
Added marker 6513/9575
Added marker 6514/9575
Added marker 6515/9575
Added marker 6516/9575
Added marker 6517/9575
Added marker 6518/9575
Added marker 6519/9575
Added marker 6520/9575
Added marker 6521/9575
Added marker 6522/9575
Added marker 6523/9575
Added marker 6524/9575
Added marker 6525/9575
Added marker 6526/9575
Added marker 6527/9575
Added marker 6528/9575
Added marker 6529/9575
Added marker 6530/9575
Added marker 6531/9575
Added marker 6532/9575
Added marker 6533/9575
Added marker 6534/9575
Added marker 6535/9575
Added marker 6536/9575
Added marker 6537/9575
Added marker 6538/9575
Added marker 6539/9575
Added marker 6540/9575
Added marker 6541/9575
Added marker 6542/9575
Added marker 6543/9575
Added marker 6544/9575
Added marker 6545/9575
Added marker 6546/9575
Added marker 6547/9575
Added marker 6548/9575
Added marker 6549/9575
Added marker 6550/9575
Added marker 6551/9575
Added marker 6552/9575
Added marker 6553/9575
Added marker 6554/9575
Added marker 6555/9575
Added marker 6556/9575
Added marker 6557/9575
Added marker 6558/9575
Added marker 6559/9575
Added marker 6560/9575
Added marker 6561/9575
Added marker 6562/9575
Added marker 6563/9575
Added marker 6564/9575
Added marker 6565/9575
Added marker 6566/9575
Added marker 6567/9575
Added marker 6568/9575
Added marker 6569/9575
Added marker 6570/9575
Added marker 6571/9575
Added marker 6572/9575
Added marker 6573/9575
Added marker 6574/9575
Added marker 6575/9575
Added marker 6576/9575
Added marker 6577/9575
Added marker 6578/9575
Added marker 6579/9575
Added marker 6580/9575
Added marker 6581/9575
Added marker 6582/9575
Added marker 6583/9575
Added marker 6584/9575
Added marker 6585/9575
Added marker 6586/9575
Added marker 6587/9575
Added marker 6588/9575
Added marker 6589/9575
Added marker 6590/9575
Added marker 6591/9575
Added marker 6592/9575
Added marker 6593/9575
Added marker 6594/9575
Added marker 6595/9575
Added marker 6596/9575
Added marker 6597/9575
Added marker 6598/9575
Added marker 6599/9575
Added marker 6600/9575
Added marker 6601/9575
Added marker 6602/9575
Added marker 6603/9575
Added marker 6604/9575
Added marker 6605/9575
Added marker 6606/9575
Added marker 6607/9575
Added marker 6608/9575
Added marker 6609/9575
Added marker 6610/9575
Added marker 6611/9575
Added marker 6612/9575
Added marker 6613/9575
Added marker 6614/9575
Added marker 6615/9575
Added marker 6616/9575
Added marker 6617/9575
Added marker 6618/9575
Added marker 6619/9575
Added marker 6620/9575
Added marker 6621/9575
Added marker 6622/9575
Added marker 6623/9575
Added marker 6624/9575
Added marker 6625/9575
Added marker 6626/9575
Added marker 6627/9575
Added marker 6628/9575
Added marker 6629/9575
Added marker 6630/9575
Added marker 6631/9575
Added marker 6632/9575
Added marker 6633/9575
Added marker 6634/9575
Added marker 6635/9575
Added marker 6636/9575
Added marker 6637/9575
Added marker 6638/9575
Added marker 6639/9575
Added marker 6640/9575
Added marker 6641/9575
Added marker 6642/9575
Added marker 6643/9575
Added marker 6644/9575
Added marker 6645/9575
Added marker 6646/9575
Added marker 6647/9575
Added marker 6648/9575
Added marker 6649/9575
Added marker 6650/9575
Added marker 6651/9575
Added marker 6652/9575
Added marker 6653/9575
Added marker 6654/9575
Added marker 6655/9575
Added marker 6656/9575
Added marker 6657/9575
Added marker 6658/9575
Added marker 6659/9575
Added marker 6660/9575
Added marker 6661/9575
Added marker 6662/9575
Added marker 6663/9575
Added marker 6664/9575
Added marker 6665/9575
Added marker 6666/9575
Added marker 6667/9575
Added marker 6668/9575
Added marker 6669/9575
Added marker 6670/9575
Added marker 6671/9575
Added marker 6672/9575
Added marker 6673/9575
Added marker 6674/9575
Added marker 6675/9575
Added marker 6676/9575
Added marker 6677/9575
Added marker 6678/9575
Added marker 6679/9575
Added marker 6680/9575
Added marker 6681/9575
Added marker 6682/9575
Added marker 6683/9575
Added marker 6684/9575
Added marker 6685/9575
Added marker 6686/9575
Added marker 6687/9575
Added marker 6688/9575
Added marker 6689/9575
Added marker 6690/9575
Added marker 6691/9575
Added marker 6692/9575
Added marker 6693/9575
Added marker 6694/9575
Added marker 6695/9575
Added marker 6696/9575
Added marker 6697/9575
Added marker 6698/9575
Added marker 6699/9575
Added marker 6700/9575
Added marker 6701/9575
Added marker 6702/9575
Added marker 6703/9575
Added marker 6704/9575
Added marker 6705/9575
Added marker 6706/9575
Added marker 6707/9575
Added marker 6708/9575
Added marker 6709/9575
Added marker 6710/9575
Added marker 6711/9575
Added marker 6712/9575
Added marker 6713/9575
Added marker 6714/9575
Added marker 6715/9575
Added marker 6716/9575
Added marker 6717/9575
Added marker 6718/9575
Added marker 6719/9575
Added marker 6720/9575
Added marker 6721/9575
Added marker 6722/9575
Added marker 6723/9575
Added marker 6724/9575
Added marker 6725/9575
Added marker 6726/9575
Added marker 6727/9575
Added marker 6728/9575
Added marker 6729/9575
Added marker 6730/9575
Added marker 6731/9575
Added marker 6732/9575
Added marker 6733/9575
Added marker 6734/9575
Added marker 6735/9575
Added marker 6736/9575
Added marker 6737/9575
Added marker 6738/9575
Added marker 6739/9575
Added marker 6740/9575
Added marker 6741/9575
Added marker 6742/9575
Added marker 6743/9575
Added marker 6744/9575
Added marker 6745/9575
Added marker 6746/9575
Added marker 6747/9575
Added marker 6748/9575
Added marker 6749/9575
Added marker 6750/9575
Added marker 6751/9575
Added marker 6752/9575
Added marker 6753/9575
Added marker 6754/9575
Added marker 6755/9575
Added marker 6756/9575
Added marker 6757/9575
Added marker 6758/9575
Added marker 6759/9575
Added marker 6760/9575
Added marker 6761/9575
Added marker 6762/9575
Added marker 6763/9575
Added marker 6764/9575
Added marker 6765/9575
Added marker 6766/9575
Added marker 6767/9575
Added marker 6768/9575
Added marker 6769/9575
Added marker 6770/9575
Added marker 6771/9575
Added marker 6772/9575
Added marker 6773/9575
Added marker 6774/9575
Added marker 6775/9575
Added marker 6776/9575
Added marker 6777/9575
Added marker 6778/9575
Added marker 6779/9575
Added marker 6780/9575
Added marker 6781/9575
Added marker 6782/9575
Added marker 6783/9575
Added marker 6784/9575
Added marker 6785/9575
Added marker 6786/9575
Added marker 6787/9575
Added marker 6788/9575
Added marker 6789/9575
Added marker 6790/9575
Added marker 6791/9575
Added marker 6792/9575
Added marker 6793/9575
Added marker 6794/9575
Added marker 6795/9575
Added marker 6796/9575
Added marker 6797/9575
Added marker 6798/9575
Added marker 6799/9575
Added marker 6800/9575
Added marker 6801/9575
Added marker 6802/9575
Added marker 6803/9575
Added marker 6804/9575
Added marker 6805/9575
Added marker 6806/9575
Added marker 6807/9575
Added marker 6808/9575
Added marker 6809/9575
Added marker 6810/9575
Added marker 6811/9575
Added marker 6812/9575
Added marker 6813/9575
Added marker 6814/9575
Added marker 6815/9575
Added marker 6816/9575
Added marker 6817/9575
Added marker 6818/9575
Added marker 6819/9575
Added marker 6820/9575
Added marker 6821/9575
Added marker 6822/9575
Added marker 6823/9575
Added marker 6824/9575
Added marker 6825/9575
Added marker 6826/9575
Added marker 6827/9575
Added marker 6828/9575
Added marker 6829/9575
Added marker 6830/9575
Added marker 6831/9575
Added marker 6832/9575
Added marker 6833/9575
Added marker 6834/9575
Added marker 6835/9575
Added marker 6836/9575
Added marker 6837/9575
Added marker 6838/9575
Added marker 6839/9575
Added marker 6840/9575
Added marker 6841/9575
Added marker 6842/9575
Added marker 6843/9575
Added marker 6844/9575
Added marker 6845/9575
Added marker 6846/9575
Added marker 6847/9575
Added marker 6848/9575
Added marker 6849/9575
Added marker 6850/9575
Added marker 6851/9575
Added marker 6852/9575
Added marker 6853/9575
Added marker 6854/9575
Added marker 6855/9575
Added marker 6856/9575
Added marker 6857/9575
Added marker 6858/9575
Added marker 6859/9575
Added marker 6860/9575
Added marker 6861/9575
Added marker 6862/9575
Added marker 6863/9575
Added marker 6864/9575
Added marker 6865/9575
Added marker 6866/9575
Added marker 6867/9575
Added marker 6868/9575
Added marker 6869/9575
Added marker 6870/9575
Added marker 6871/9575
Added marker 6872/9575
Added marker 6873/9575
Added marker 6874/9575
Added marker 6875/9575
Added marker 6876/9575
Added marker 6877/9575
Added marker 6878/9575
Added marker 6879/9575
Added marker 6880/9575
Added marker 6881/9575
Added marker 6882/9575
Added marker 6883/9575
Added marker 6884/9575
Added marker 6885/9575
Added marker 6886/9575
Added marker 6887/9575
Added marker 6888/9575
Added marker 6889/9575
Added marker 6890/9575
Added marker 6891/9575
Added marker 6892/9575
Added marker 6893/9575
Added marker 6894/9575
Added marker 6895/9575
Added marker 6896/9575
Added marker 6897/9575
Added marker 6898/9575
Added marker 6899/9575
Added marker 6900/9575
Added marker 6901/9575
Added marker 6902/9575
Added marker 6903/9575
Added marker 6904/9575
Added marker 6905/9575
Added marker 6906/9575
Added marker 6907/9575
Added marker 6908/9575
Added marker 6909/9575
Added marker 6910/9575
Added marker 6911/9575
Added marker 6912/9575
Added marker 6913/9575
Added marker 6914/9575
Added marker 6915/9575
Added marker 6916/9575
Added marker 6917/9575
Added marker 6918/9575
Added marker 6919/9575
Added marker 6920/9575
Added marker 6921/9575
Added marker 6922/9575
Added marker 6923/9575
Added marker 6924/9575
Added marker 6925/9575
Added marker 6926/9575
Added marker 6927/9575
Added marker 6928/9575
Added marker 6929/9575
Added marker 6930/9575
Added marker 6931/9575
Added marker 6932/9575
Added marker 6933/9575
Added marker 6934/9575
Added marker 6935/9575
Added marker 6936/9575
Added marker 6937/9575
Added marker 6938/9575
Added marker 6939/9575
Added marker 6940/9575
Added marker 6941/9575
Added marker 6942/9575
Added marker 6943/9575
Added marker 6944/9575
Added marker 6945/9575
Added marker 6946/9575
Added marker 6947/9575
Added marker 6948/9575
Added marker 6949/9575
Added marker 6950/9575
Added marker 6951/9575
Added marker 6952/9575
Added marker 6953/9575
Added marker 6954/9575
Added marker 6955/9575
Added marker 6956/9575
Added marker 6957/9575
Added marker 6958/9575
Added marker 6959/9575
Added marker 6960/9575
Added marker 6961/9575
Added marker 6962/9575
Added marker 6963/9575
Added marker 6964/9575
Added marker 6965/9575
Added marker 6966/9575
Added marker 6967/9575
Added marker 6968/9575
Added marker 6969/9575
Added marker 6970/9575
Added marker 6971/9575
Added marker 6972/9575
Added marker 6973/9575
Added marker 6974/9575
Added marker 6975/9575
Added marker 6976/9575
Added marker 6977/9575
Added marker 6978/9575
Added marker 6979/9575
Added marker 6980/9575
Added marker 6981/9575
Added marker 6982/9575
Added marker 6983/9575
Added marker 6984/9575
Added marker 6985/9575
Added marker 6986/9575
Added marker 6987/9575
Added marker 6988/9575
Added marker 6989/9575
Added marker 6990/9575
Added marker 6991/9575
Added marker 6992/9575
Added marker 6993/9575
Added marker 6994/9575
Added marker 6995/9575
Added marker 6996/9575
Added marker 6997/9575
Added marker 6998/9575
Added marker 6999/9575
Added marker 7000/9575
Added marker 7001/9575
Added marker 7002/9575
Added marker 7003/9575
Added marker 7004/9575
Added marker 7005/9575
Added marker 7006/9575
Added marker 7007/9575
Added marker 7008/9575
Added marker 7009/9575
Added marker 7010/9575
Added marker 7011/9575
Added marker 7012/9575
Added marker 7013/9575
Added marker 7014/9575
Added marker 7015/9575
Added marker 7016/9575
Added marker 7017/9575
Added marker 7018/9575
Added marker 7019/9575
Added marker 7020/9575
Added marker 7021/9575
Added marker 7022/9575
Added marker 7023/9575
Added marker 7024/9575
Added marker 7025/9575
Added marker 7026/9575
Added marker 7027/9575
Added marker 7028/9575
Added marker 7029/9575
Added marker 7030/9575
Added marker 7031/9575
Added marker 7032/9575
Added marker 7033/9575
Added marker 7034/9575
Added marker 7035/9575
Added marker 7036/9575
Added marker 7037/9575
Added marker 7038/9575
Added marker 7039/9575
Added marker 7040/9575
Added marker 7041/9575
Added marker 7042/9575
Added marker 7043/9575
Added marker 7044/9575
Added marker 7045/9575
Added marker 7046/9575
Added marker 7047/9575
Added marker 7048/9575
Added marker 7049/9575
Added marker 7050/9575
Added marker 7051/9575
Added marker 7052/9575
Added marker 7053/9575
Added marker 7054/9575
Added marker 7055/9575
Added marker 7056/9575
Added marker 7057/9575
Added marker 7058/9575
Added marker 7059/9575
Added marker 7060/9575
Added marker 7061/9575
Added marker 7062/9575
Added marker 7063/9575
Added marker 7064/9575
Added marker 7065/9575
Added marker 7066/9575
Added marker 7067/9575
Added marker 7068/9575
Added marker 7069/9575
Added marker 7070/9575
Added marker 7071/9575
Added marker 7072/9575
Added marker 7073/9575
Added marker 7074/9575
Added marker 7075/9575
Added marker 7076/9575
Added marker 7077/9575
Added marker 7078/9575
Added marker 7079/9575
Added marker 7080/9575
Added marker 7081/9575
Added marker 7082/9575
Added marker 7083/9575
Added marker 7084/9575
Added marker 7085/9575
Added marker 7086/9575
Added marker 7087/9575
Added marker 7088/9575
Added marker 7089/9575
Added marker 7090/9575
Added marker 7091/9575
Added marker 7092/9575
Added marker 7093/9575
Added marker 7094/9575
Added marker 7095/9575
Added marker 7096/9575
Added marker 7097/9575
Added marker 7098/9575
Added marker 7099/9575
Added marker 7100/9575
Added marker 7101/9575
Added marker 7102/9575
Added marker 7103/9575
Added marker 7104/9575
Added marker 7105/9575
Added marker 7106/9575
Added marker 7107/9575
Added marker 7108/9575
Added marker 7109/9575
Added marker 7110/9575
Added marker 7111/9575
Added marker 7112/9575
Added marker 7113/9575
Added marker 7114/9575
Added marker 7115/9575
Added marker 7116/9575
Added marker 7117/9575
Added marker 7118/9575
Added marker 7119/9575
Added marker 7120/9575
Added marker 7121/9575
Added marker 7122/9575
Added marker 7123/9575
Added marker 7124/9575
Added marker 7125/9575
Added marker 7126/9575
Added marker 7127/9575
Added marker 7128/9575
Added marker 7129/9575
Added marker 7130/9575
Added marker 7131/9575
Added marker 7132/9575
Added marker 7133/9575
Added marker 7134/9575
Added marker 7135/9575
Added marker 7136/9575
Added marker 7137/9575
Added marker 7138/9575
Added marker 7139/9575
Added marker 7140/9575
Added marker 7141/9575
Added marker 7142/9575
Added marker 7143/9575
Added marker 7144/9575
Added marker 7145/9575
Added marker 7146/9575
Added marker 7147/9575
Added marker 7148/9575
Added marker 7149/9575
Added marker 7150/9575
Added marker 7151/9575
Added marker 7152/9575
Added marker 7153/9575
Added marker 7154/9575
Added marker 7155/9575
Added marker 7156/9575
Added marker 7157/9575
Added marker 7158/9575
Added marker 7159/9575
Added marker 7160/9575
Added marker 7161/9575
Added marker 7162/9575
Added marker 7163/9575
Added marker 7164/9575
Added marker 7165/9575
Added marker 7166/9575
Added marker 7167/9575
Added marker 7168/9575
Added marker 7169/9575
Added marker 7170/9575
Added marker 7171/9575
Added marker 7172/9575
Added marker 7173/9575
Added marker 7174/9575
Added marker 7175/9575
Added marker 7176/9575
Added marker 7177/9575
Added marker 7178/9575
Added marker 7179/9575
Added marker 7180/9575
Added marker 7181/9575
Added marker 7182/9575
Added marker 7183/9575
Added marker 7184/9575
Added marker 7185/9575
Added marker 7186/9575
Added marker 7187/9575
Added marker 7188/9575
Added marker 7189/9575
Added marker 7190/9575
Added marker 7191/9575
Added marker 7192/9575
Added marker 7193/9575
Added marker 7194/9575
Added marker 7195/9575
Added marker 7196/9575
Added marker 7197/9575
Added marker 7198/9575
Added marker 7199/9575
Added marker 7200/9575
Added marker 7201/9575
Added marker 7202/9575
Added marker 7203/9575
Added marker 7204/9575
Added marker 7205/9575
Added marker 7206/9575
Added marker 7207/9575
Added marker 7208/9575
Added marker 7209/9575
Added marker 7210/9575
Added marker 7211/9575
Added marker 7212/9575
Added marker 7213/9575
Added marker 7214/9575
Added marker 7215/9575
Added marker 7216/9575
Added marker 7217/9575
Added marker 7218/9575
Added marker 7219/9575
Added marker 7220/9575
Added marker 7221/9575
Added marker 7222/9575
Added marker 7223/9575
Added marker 7224/9575
Added marker 7225/9575
Added marker 7226/9575
Added marker 7227/9575
Added marker 7228/9575
Added marker 7229/9575
Added marker 7230/9575
Added marker 7231/9575
Added marker 7232/9575
Added marker 7233/9575
Added marker 7234/9575
Added marker 7235/9575
Added marker 7236/9575
Added marker 7237/9575
Added marker 7238/9575
Added marker 7239/9575
Added marker 7240/9575
Added marker 7241/9575
Added marker 7242/9575
Added marker 7243/9575
Added marker 7244/9575
Added marker 7245/9575
Added marker 7246/9575
Added marker 7247/9575
Added marker 7248/9575
Added marker 7249/9575
Added marker 7250/9575
Added marker 7251/9575
Added marker 7252/9575
Added marker 7253/9575
Added marker 7254/9575
Added marker 7255/9575
Added marker 7256/9575
Added marker 7257/9575
Added marker 7258/9575
Added marker 7259/9575
Added marker 7260/9575
Added marker 7261/9575
Added marker 7262/9575
Added marker 7263/9575
Added marker 7264/9575
Added marker 7265/9575
Added marker 7266/9575
Added marker 7267/9575
Added marker 7268/9575
Added marker 7269/9575
Added marker 7270/9575
Added marker 7271/9575
Added marker 7272/9575
Added marker 7273/9575
Added marker 7274/9575
Added marker 7275/9575
Added marker 7276/9575
Added marker 7277/9575
Added marker 7278/9575
Added marker 7279/9575
Added marker 7280/9575
Added marker 7281/9575
Added marker 7282/9575
Added marker 7283/9575
Added marker 7284/9575
Added marker 7285/9575
Added marker 7286/9575
Added marker 7287/9575
Added marker 7288/9575
Added marker 7289/9575
Added marker 7290/9575
Added marker 7291/9575
Added marker 7292/9575
Added marker 7293/9575
Added marker 7294/9575
Added marker 7295/9575
Added marker 7296/9575
Added marker 7297/9575
Added marker 7298/9575
Added marker 7299/9575
Added marker 7300/9575
Added marker 7301/9575
Added marker 7302/9575
Added marker 7303/9575
Added marker 7304/9575
Added marker 7305/9575
Added marker 7306/9575
Added marker 7307/9575
Added marker 7308/9575
Added marker 7309/9575
Added marker 7310/9575
Added marker 7311/9575
Added marker 7312/9575
Added marker 7313/9575
Added marker 7314/9575
Added marker 7315/9575
Added marker 7316/9575
Added marker 7317/9575
Added marker 7318/9575
Added marker 7319/9575
Added marker 7320/9575
Added marker 7321/9575
Added marker 7322/9575
Added marker 7323/9575
Added marker 7324/9575
Added marker 7325/9575
Added marker 7326/9575
Added marker 7327/9575
Added marker 7328/9575
Added marker 7329/9575
Added marker 7330/9575
Added marker 7331/9575
Added marker 7332/9575
Added marker 7333/9575
Added marker 7334/9575
Added marker 7335/9575
Added marker 7336/9575
Added marker 7337/9575
Added marker 7338/9575
Added marker 7339/9575
Added marker 7340/9575
Added marker 7341/9575
Added marker 7342/9575
Added marker 7343/9575
Added marker 7344/9575
Added marker 7345/9575
Added marker 7346/9575
Added marker 7347/9575
Added marker 7348/9575
Added marker 7349/9575
Added marker 7350/9575
Added marker 7351/9575
Added marker 7352/9575
Added marker 7353/9575
Added marker 7354/9575
Added marker 7355/9575
Added marker 7356/9575
Added marker 7357/9575
Added marker 7358/9575
Added marker 7359/9575
Added marker 7360/9575
Added marker 7361/9575
Added marker 7362/9575
Added marker 7363/9575
Added marker 7364/9575
Added marker 7365/9575
Added marker 7366/9575
Added marker 7367/9575
Added marker 7368/9575
Added marker 7369/9575
Added marker 7370/9575
Added marker 7371/9575
Added marker 7372/9575
Added marker 7373/9575
Added marker 7374/9575
Added marker 7375/9575
Added marker 7376/9575
Added marker 7377/9575
Added marker 7378/9575
Added marker 7379/9575
Added marker 7380/9575
Added marker 7381/9575
Added marker 7382/9575
Added marker 7383/9575
Added marker 7384/9575
Added marker 7385/9575
Added marker 7386/9575
Added marker 7387/9575
Added marker 7388/9575
Added marker 7389/9575
Added marker 7390/9575
Added marker 7391/9575
Added marker 7392/9575
Added marker 7393/9575
Added marker 7394/9575
Added marker 7395/9575
Added marker 7396/9575
Added marker 7397/9575
Added marker 7398/9575
Added marker 7399/9575
Added marker 7400/9575
Added marker 7401/9575
Added marker 7402/9575
Added marker 7403/9575
Added marker 7404/9575
Added marker 7405/9575
Added marker 7406/9575
Added marker 7407/9575
Added marker 7408/9575
Added marker 7409/9575
Added marker 7410/9575
Added marker 7411/9575
Added marker 7412/9575
Added marker 7413/9575
Added marker 7414/9575
Added marker 7415/9575
Added marker 7416/9575
Added marker 7417/9575
Added marker 7418/9575
Added marker 7419/9575
Added marker 7420/9575
Added marker 7421/9575
Added marker 7422/9575
Added marker 7423/9575
Added marker 7424/9575
Added marker 7425/9575
Added marker 7426/9575
Added marker 7427/9575
Added marker 7428/9575
Added marker 7429/9575
Added marker 7430/9575
Added marker 7431/9575
Added marker 7432/9575
Added marker 7433/9575
Added marker 7434/9575
Added marker 7435/9575
Added marker 7436/9575
Added marker 7437/9575
Added marker 7438/9575
Added marker 7439/9575
Added marker 7440/9575
Added marker 7441/9575
Added marker 7442/9575
Added marker 7443/9575
Added marker 7444/9575
Added marker 7445/9575
Added marker 7446/9575
Added marker 7447/9575
Added marker 7448/9575
Added marker 7449/9575
Added marker 7450/9575
Added marker 7451/9575
Added marker 7452/9575
Added marker 7453/9575
Added marker 7454/9575
Added marker 7455/9575
Added marker 7456/9575
Added marker 7457/9575
Added marker 7458/9575
Added marker 7459/9575
Added marker 7460/9575
Added marker 7461/9575
Added marker 7462/9575
Added marker 7463/9575
Added marker 7464/9575
Added marker 7465/9575
Added marker 7466/9575
Added marker 7467/9575
Added marker 7468/9575
Added marker 7469/9575
Added marker 7470/9575
Added marker 7471/9575
Added marker 7472/9575
Added marker 7473/9575
Added marker 7474/9575
Added marker 7475/9575
Added marker 7476/9575
Added marker 7477/9575
Added marker 7478/9575
Added marker 7479/9575
Added marker 7480/9575
Added marker 7481/9575
Added marker 7482/9575
Added marker 7483/9575
Added marker 7484/9575
Added marker 7485/9575
Added marker 7486/9575
Added marker 7487/9575
Added marker 7488/9575
Added marker 7489/9575
Added marker 7490/9575
Added marker 7491/9575
Added marker 7492/9575
Added marker 7493/9575
Added marker 7494/9575
Added marker 7495/9575
Added marker 7496/9575
Added marker 7497/9575
Added marker 7498/9575
Added marker 7499/9575
Added marker 7500/9575
Added marker 7501/9575
Added marker 7502/9575
Added marker 7503/9575
Added marker 7504/9575
Added marker 7505/9575
Added marker 7506/9575
Added marker 7507/9575
Added marker 7508/9575
Added marker 7509/9575
Added marker 7510/9575
Added marker 7511/9575
Added marker 7512/9575
Added marker 7513/9575
Added marker 7514/9575
Added marker 7515/9575
Added marker 7516/9575
Added marker 7517/9575
Added marker 7518/9575
Added marker 7519/9575
Added marker 7520/9575
Added marker 7521/9575
Added marker 7522/9575
Added marker 7523/9575
Added marker 7524/9575
Added marker 7525/9575
Added marker 7526/9575
Added marker 7527/9575
Added marker 7528/9575
Added marker 7529/9575
Added marker 7530/9575
Added marker 7531/9575
Added marker 7532/9575
Added marker 7533/9575
Added marker 7534/9575
Added marker 7535/9575
Added marker 7536/9575
Added marker 7537/9575
Added marker 7538/9575
Added marker 7539/9575
Added marker 7540/9575
Added marker 7541/9575
Added marker 7542/9575
Added marker 7543/9575
Added marker 7544/9575
Added marker 7545/9575
Added marker 7546/9575
Added marker 7547/9575
Added marker 7548/9575
Added marker 7549/9575
Added marker 7550/9575
Added marker 7551/9575
Added marker 7552/9575
Added marker 7553/9575
Added marker 7554/9575
Added marker 7555/9575
Added marker 7556/9575
Added marker 7557/9575
Added marker 7558/9575
Added marker 7559/9575
Added marker 7560/9575
Added marker 7561/9575
Added marker 7562/9575
Added marker 7563/9575
Added marker 7564/9575
Added marker 7565/9575
Added marker 7566/9575
Added marker 7567/9575
Added marker 7568/9575
Added marker 7569/9575
Added marker 7570/9575
Added marker 7571/9575
Added marker 7572/9575
Added marker 7573/9575
Added marker 7574/9575
Added marker 7575/9575
Added marker 7576/9575
Added marker 7577/9575
Added marker 7578/9575
Added marker 7579/9575
Added marker 7580/9575
Added marker 7581/9575
Added marker 7582/9575
Added marker 7583/9575
Added marker 7584/9575
Added marker 7585/9575
Added marker 7586/9575
Added marker 7587/9575
Added marker 7588/9575
Added marker 7589/9575
Added marker 7590/9575
Added marker 7591/9575
Added marker 7592/9575
Added marker 7593/9575
Added marker 7594/9575
Added marker 7595/9575
Added marker 7596/9575
Added marker 7597/9575
Added marker 7598/9575
Added marker 7599/9575
Added marker 7600/9575
Added marker 7601/9575
Added marker 7602/9575
Added marker 7603/9575
Added marker 7604/9575
Added marker 7605/9575
Added marker 7606/9575
Added marker 7607/9575
Added marker 7608/9575
Added marker 7609/9575
Added marker 7610/9575
Added marker 7611/9575
Added marker 7612/9575
Added marker 7613/9575
Added marker 7614/9575
Added marker 7615/9575
Added marker 7616/9575
Added marker 7617/9575
Added marker 7618/9575
Added marker 7619/9575
Added marker 7620/9575
Added marker 7621/9575
Added marker 7622/9575
Added marker 7623/9575
Added marker 7624/9575
Added marker 7625/9575
Added marker 7626/9575
Added marker 7627/9575
Added marker 7628/9575
Added marker 7629/9575
Added marker 7630/9575
Added marker 7631/9575
Added marker 7632/9575
Added marker 7633/9575
Added marker 7634/9575
Added marker 7635/9575
Added marker 7636/9575
Added marker 7637/9575
Added marker 7638/9575
Added marker 7639/9575
Added marker 7640/9575
Added marker 7641/9575
Added marker 7642/9575
Added marker 7643/9575
Added marker 7644/9575
Added marker 7645/9575
Added marker 7646/9575
Added marker 7647/9575
Added marker 7648/9575
Added marker 7649/9575
Added marker 7650/9575
Added marker 7651/9575
Added marker 7652/9575
Added marker 7653/9575
Added marker 7654/9575
Added marker 7655/9575
Added marker 7656/9575
Added marker 7657/9575
Added marker 7658/9575
Added marker 7659/9575
Added marker 7660/9575
Added marker 7661/9575
Added marker 7662/9575
Added marker 7663/9575
Added marker 7664/9575
Added marker 7665/9575
Added marker 7666/9575
Added marker 7667/9575
Added marker 7668/9575
Added marker 7669/9575
Added marker 7670/9575
Added marker 7671/9575
Added marker 7672/9575
Added marker 7673/9575
Added marker 7674/9575
Added marker 7675/9575
Added marker 7676/9575
Added marker 7677/9575
Added marker 7678/9575
Added marker 7679/9575
Added marker 7680/9575
Added marker 7681/9575
Added marker 7682/9575
Added marker 7683/9575
Added marker 7684/9575
Added marker 7685/9575
Added marker 7686/9575
Added marker 7687/9575
Added marker 7688/9575
Added marker 7689/9575
Added marker 7690/9575
Added marker 7691/9575
Added marker 7692/9575
Added marker 7693/9575
Added marker 7694/9575
Added marker 7695/9575
Added marker 7696/9575
Added marker 7697/9575
Added marker 7698/9575
Added marker 7699/9575
Added marker 7700/9575
Added marker 7701/9575
Added marker 7702/9575
Added marker 7703/9575
Added marker 7704/9575
Added marker 7705/9575
Added marker 7706/9575
Added marker 7707/9575
Added marker 7708/9575
Added marker 7709/9575
Added marker 7710/9575
Added marker 7711/9575
Added marker 7712/9575
Added marker 7713/9575
Added marker 7714/9575
Added marker 7715/9575
Added marker 7716/9575
Added marker 7717/9575
Added marker 7718/9575
Added marker 7719/9575
Added marker 7720/9575
Added marker 7721/9575
Added marker 7722/9575
Added marker 7723/9575
Added marker 7724/9575
Added marker 7725/9575
Added marker 7726/9575
Added marker 7727/9575
Added marker 7728/9575
Added marker 7729/9575
Added marker 7730/9575
Added marker 7731/9575
Added marker 7732/9575
Added marker 7733/9575
Added marker 7734/9575
Added marker 7735/9575
Added marker 7736/9575
Added marker 7737/9575
Added marker 7738/9575
Added marker 7739/9575
Added marker 7740/9575
Added marker 7741/9575
Added marker 7742/9575
Added marker 7743/9575
Added marker 7744/9575
Added marker 7745/9575
Added marker 7746/9575
Added marker 7747/9575
Added marker 7748/9575
Added marker 7749/9575
Added marker 7750/9575
Added marker 7751/9575
Added marker 7752/9575
Added marker 7753/9575
Added marker 7754/9575
Added marker 7755/9575
Added marker 7756/9575
Added marker 7757/9575
Added marker 7758/9575
Added marker 7759/9575
Added marker 7760/9575
Added marker 7761/9575
Added marker 7762/9575
Added marker 7763/9575
Added marker 7764/9575
Added marker 7765/9575
Added marker 7766/9575
Added marker 7767/9575
Added marker 7768/9575
Added marker 7769/9575
Added marker 7770/9575
Added marker 7771/9575
Added marker 7772/9575
Added marker 7773/9575
Added marker 7774/9575
Added marker 7775/9575
Added marker 7776/9575
Added marker 7777/9575
Added marker 7778/9575
Added marker 7779/9575
Added marker 7780/9575
Added marker 7781/9575
Added marker 7782/9575
Added marker 7783/9575
Added marker 7784/9575
Added marker 7785/9575
Added marker 7786/9575
Added marker 7787/9575
Added marker 7788/9575
Added marker 7789/9575
Added marker 7790/9575
Added marker 7791/9575
Added marker 7792/9575
Added marker 7793/9575
Added marker 7794/9575
Added marker 7795/9575
Added marker 7796/9575
Added marker 7797/9575
Added marker 7798/9575
Added marker 7799/9575
Added marker 7800/9575
Added marker 7801/9575
Added marker 7802/9575
Added marker 7803/9575
Added marker 7804/9575
Added marker 7805/9575
Added marker 7806/9575
Added marker 7807/9575
Added marker 7808/9575
Added marker 7809/9575
Added marker 7810/9575
Added marker 7811/9575
Added marker 7812/9575
Added marker 7813/9575
Added marker 7814/9575
Added marker 7815/9575
Added marker 7816/9575
Added marker 7817/9575
Added marker 7818/9575
Added marker 7819/9575
Added marker 7820/9575
Added marker 7821/9575
Added marker 7822/9575
Added marker 7823/9575
Added marker 7824/9575
Added marker 7825/9575
Added marker 7826/9575
Added marker 7827/9575
Added marker 7828/9575
Added marker 7829/9575
Added marker 7830/9575
Added marker 7831/9575
Added marker 7832/9575
Added marker 7833/9575
Added marker 7834/9575
Added marker 7835/9575
Added marker 7836/9575
Added marker 7837/9575
Added marker 7838/9575
Added marker 7839/9575
Added marker 7840/9575
Added marker 7841/9575
Added marker 7842/9575
Added marker 7843/9575
Added marker 7844/9575
Added marker 7845/9575
Added marker 7846/9575
Added marker 7847/9575
Added marker 7848/9575
Added marker 7849/9575
Added marker 7850/9575
Added marker 7851/9575
Added marker 7852/9575
Added marker 7853/9575
Added marker 7854/9575
Added marker 7855/9575
Added marker 7856/9575
Added marker 7857/9575
Added marker 7858/9575
Added marker 7859/9575
Added marker 7860/9575
Added marker 7861/9575
Added marker 7862/9575
Added marker 7863/9575
Added marker 7864/9575
Added marker 7865/9575
Added marker 7866/9575
Added marker 7867/9575
Added marker 7868/9575
Added marker 7869/9575
Added marker 7870/9575
Added marker 7871/9575
Added marker 7872/9575
Added marker 7873/9575
Added marker 7874/9575
Added marker 7875/9575
Added marker 7876/9575
Added marker 7877/9575
Added marker 7878/9575
Added marker 7879/9575
Added marker 7880/9575
Added marker 7881/9575
Added marker 7882/9575
Added marker 7883/9575
Added marker 7884/9575
Added marker 7885/9575
Added marker 7886/9575
Added marker 7887/9575
Added marker 7888/9575
Added marker 7889/9575
Added marker 7890/9575
Added marker 7891/9575
Added marker 7892/9575
Added marker 7893/9575
Added marker 7894/9575
Added marker 7895/9575
Added marker 7896/9575
Added marker 7897/9575
Added marker 7898/9575
Added marker 7899/9575
Added marker 7900/9575
Added marker 7901/9575
Added marker 7902/9575
Added marker 7903/9575
Added marker 7904/9575
Added marker 7905/9575
Added marker 7906/9575
Added marker 7907/9575
Added marker 7908/9575
Added marker 7909/9575
Added marker 7910/9575
Added marker 7911/9575
Added marker 7912/9575
Added marker 7913/9575
Added marker 7914/9575
Added marker 7915/9575
Added marker 7916/9575
Added marker 7917/9575
Added marker 7918/9575
Added marker 7919/9575
Added marker 7920/9575
Added marker 7921/9575
Added marker 7922/9575
Added marker 7923/9575
Added marker 7924/9575
Added marker 7925/9575
Added marker 7926/9575
Added marker 7927/9575
Added marker 7928/9575
Added marker 7929/9575
Added marker 7930/9575
Added marker 7931/9575
Added marker 7932/9575
Added marker 7933/9575
Added marker 7934/9575
Added marker 7935/9575
Added marker 7936/9575
Added marker 7937/9575
Added marker 7938/9575
Added marker 7939/9575
Added marker 7940/9575
Added marker 7941/9575
Added marker 7942/9575
Added marker 7943/9575
Added marker 7944/9575
Added marker 7945/9575
Added marker 7946/9575
Added marker 7947/9575
Added marker 7948/9575
Added marker 7949/9575
Added marker 7950/9575
Added marker 7951/9575
Added marker 7952/9575
Added marker 7953/9575
Added marker 7954/9575
Added marker 7955/9575
Added marker 7956/9575
Added marker 7957/9575
Added marker 7958/9575
Added marker 7959/9575
Added marker 7960/9575
Added marker 7961/9575
Added marker 7962/9575
Added marker 7963/9575
Added marker 7964/9575
Added marker 7965/9575
Added marker 7966/9575
Added marker 7967/9575
Added marker 7968/9575
Added marker 7969/9575
Added marker 7970/9575
Added marker 7971/9575
Added marker 7972/9575
Added marker 7973/9575
Added marker 7974/9575
Added marker 7975/9575
Added marker 7976/9575
Added marker 7977/9575
Added marker 7978/9575
Added marker 7979/9575
Added marker 7980/9575
Added marker 7981/9575
Added marker 7982/9575
Added marker 7983/9575
Added marker 7984/9575
Added marker 7985/9575
Added marker 7986/9575
Added marker 7987/9575
Added marker 7988/9575
Added marker 7989/9575
Added marker 7990/9575
Added marker 7991/9575
Added marker 7992/9575
Added marker 7993/9575
Added marker 7994/9575
Added marker 7995/9575
Added marker 7996/9575
Added marker 7997/9575
Added marker 7998/9575
Added marker 7999/9575
Added marker 8000/9575
Added marker 8001/9575
Added marker 8002/9575
Added marker 8003/9575
Added marker 8004/9575
Added marker 8005/9575
Added marker 8006/9575
Added marker 8007/9575
Added marker 8008/9575
Added marker 8009/9575
Added marker 8010/9575
Added marker 8011/9575
Added marker 8012/9575
Added marker 8013/9575
Added marker 8014/9575
Added marker 8015/9575
Added marker 8016/9575
Added marker 8017/9575
Added marker 8018/9575
Added marker 8019/9575
Added marker 8020/9575
Added marker 8021/9575
Added marker 8022/9575
Added marker 8023/9575
Added marker 8024/9575
Added marker 8025/9575
Added marker 8026/9575
Added marker 8027/9575
Added marker 8028/9575
Added marker 8029/9575
Added marker 8030/9575
Added marker 8031/9575
Added marker 8032/9575
Added marker 8033/9575
Added marker 8034/9575
Added marker 8035/9575
Added marker 8036/9575
Added marker 8037/9575
Added marker 8038/9575
Added marker 8039/9575
Added marker 8040/9575
Added marker 8041/9575
Added marker 8042/9575
Added marker 8043/9575
Added marker 8044/9575
Added marker 8045/9575
Added marker 8046/9575
Added marker 8047/9575
Added marker 8048/9575
Added marker 8049/9575
Added marker 8050/9575
Added marker 8051/9575
Added marker 8052/9575
Added marker 8053/9575
Added marker 8054/9575
Added marker 8055/9575
Added marker 8056/9575
Added marker 8057/9575
Added marker 8058/9575
Added marker 8059/9575
Added marker 8060/9575
Added marker 8061/9575
Added marker 8062/9575
Added marker 8063/9575
Added marker 8064/9575
Added marker 8065/9575
Added marker 8066/9575
Added marker 8067/9575
Added marker 8068/9575
Added marker 8069/9575
Added marker 8070/9575
Added marker 8071/9575
Added marker 8072/9575
Added marker 8073/9575
Added marker 8074/9575
Added marker 8075/9575
Added marker 8076/9575
Added marker 8077/9575
Added marker 8078/9575
Added marker 8079/9575
Added marker 8080/9575
Added marker 8081/9575
Added marker 8082/9575
Added marker 8083/9575
Added marker 8084/9575
Added marker 8085/9575
Added marker 8086/9575
Added marker 8087/9575
Added marker 8088/9575
Added marker 8089/9575
Added marker 8090/9575
Added marker 8091/9575
Added marker 8092/9575
Added marker 8093/9575
Added marker 8094/9575
Added marker 8095/9575
Added marker 8096/9575
Added marker 8097/9575
Added marker 8098/9575
Added marker 8099/9575
Added marker 8100/9575
Added marker 8101/9575
Added marker 8102/9575
Added marker 8103/9575
Added marker 8104/9575
Added marker 8105/9575
Added marker 8106/9575
Added marker 8107/9575
Added marker 8108/9575
Added marker 8109/9575
Added marker 8110/9575
Added marker 8111/9575
Added marker 8112/9575
Added marker 8113/9575
Added marker 8114/9575
Added marker 8115/9575
Added marker 8116/9575
Added marker 8117/9575
Added marker 8118/9575
Added marker 8119/9575
Added marker 8120/9575
Added marker 8121/9575
Added marker 8122/9575
Added marker 8123/9575
Added marker 8124/9575
Added marker 8125/9575
Added marker 8126/9575
Added marker 8127/9575
Added marker 8128/9575
Added marker 8129/9575
Added marker 8130/9575
Added marker 8131/9575
Added marker 8132/9575
Added marker 8133/9575
Added marker 8134/9575
Added marker 8135/9575
Added marker 8136/9575
Added marker 8137/9575
Added marker 8138/9575
Added marker 8139/9575
Added marker 8140/9575
Added marker 8141/9575
Added marker 8142/9575
Added marker 8143/9575
Added marker 8144/9575
Added marker 8145/9575
Added marker 8146/9575
Added marker 8147/9575
Added marker 8148/9575
Added marker 8149/9575
Added marker 8150/9575
Added marker 8151/9575
Added marker 8152/9575
Added marker 8153/9575
Added marker 8154/9575
Added marker 8155/9575
Added marker 8156/9575
Added marker 8157/9575
Added marker 8158/9575
Added marker 8159/9575
Added marker 8160/9575
Added marker 8161/9575
Added marker 8162/9575
Added marker 8163/9575
Added marker 8164/9575
Added marker 8165/9575
Added marker 8166/9575
Added marker 8167/9575
Added marker 8168/9575
Added marker 8169/9575
Added marker 8170/9575
Added marker 8171/9575
Added marker 8172/9575
Added marker 8173/9575
Added marker 8174/9575
Added marker 8175/9575
Added marker 8176/9575
Added marker 8177/9575
Added marker 8178/9575
Added marker 8179/9575
Added marker 8180/9575
Added marker 8181/9575
Added marker 8182/9575
Added marker 8183/9575
Added marker 8184/9575
Added marker 8185/9575
Added marker 8186/9575
Added marker 8187/9575
Added marker 8188/9575
Added marker 8189/9575
Added marker 8190/9575
Added marker 8191/9575
Added marker 8192/9575
Added marker 8193/9575
Added marker 8194/9575
Added marker 8195/9575
Added marker 8196/9575
Added marker 8197/9575
Added marker 8198/9575
Added marker 8199/9575
Added marker 8200/9575
Added marker 8201/9575
Added marker 8202/9575
Added marker 8203/9575
Added marker 8204/9575
Added marker 8205/9575
Added marker 8206/9575
Added marker 8207/9575
Added marker 8208/9575
Added marker 8209/9575
Added marker 8210/9575
Added marker 8211/9575
Added marker 8212/9575
Added marker 8213/9575
Added marker 8214/9575
Added marker 8215/9575
Added marker 8216/9575
Added marker 8217/9575
Added marker 8218/9575
Added marker 8219/9575
Added marker 8220/9575
Added marker 8221/9575
Added marker 8222/9575
Added marker 8223/9575
Added marker 8224/9575
Added marker 8225/9575
Added marker 8226/9575
Added marker 8227/9575
Added marker 8228/9575
Added marker 8229/9575
Added marker 8230/9575
Added marker 8231/9575
Added marker 8232/9575
Added marker 8233/9575
Added marker 8234/9575
Added marker 8235/9575
Added marker 8236/9575
Added marker 8237/9575
Added marker 8238/9575
Added marker 8239/9575
Added marker 8240/9575
Added marker 8241/9575
Added marker 8242/9575
Added marker 8243/9575
Added marker 8244/9575
Added marker 8245/9575
Added marker 8246/9575
Added marker 8247/9575
Added marker 8248/9575
Added marker 8249/9575
Added marker 8250/9575
Added marker 8251/9575
Added marker 8252/9575
Added marker 8253/9575
Added marker 8254/9575
Added marker 8255/9575
Added marker 8256/9575
Added marker 8257/9575
Added marker 8258/9575
Added marker 8259/9575
Added marker 8260/9575
Added marker 8261/9575
Added marker 8262/9575
Added marker 8263/9575
Added marker 8264/9575
Added marker 8265/9575
Added marker 8266/9575
Added marker 8267/9575
Added marker 8268/9575
Added marker 8269/9575
Added marker 8270/9575
Added marker 8271/9575
Added marker 8272/9575
Added marker 8273/9575
Added marker 8274/9575
Added marker 8275/9575
Added marker 8276/9575
Added marker 8277/9575
Added marker 8278/9575
Added marker 8279/9575
Added marker 8280/9575
Added marker 8281/9575
Added marker 8282/9575
Added marker 8283/9575
Added marker 8284/9575
Added marker 8285/9575
Added marker 8286/9575
Added marker 8287/9575
Added marker 8288/9575
Added marker 8289/9575
Added marker 8290/9575
Added marker 8291/9575
Added marker 8292/9575
Added marker 8293/9575
Added marker 8294/9575
Added marker 8295/9575
Added marker 8296/9575
Added marker 8297/9575
Added marker 8298/9575
Added marker 8299/9575
Added marker 8300/9575
Added marker 8301/9575
Added marker 8302/9575
Added marker 8303/9575
Added marker 8304/9575
Added marker 8305/9575
Added marker 8306/9575
Added marker 8307/9575
Added marker 8308/9575
Added marker 8309/9575
Added marker 8310/9575
Added marker 8311/9575
Added marker 8312/9575
Added marker 8313/9575
Added marker 8314/9575
Added marker 8315/9575
Added marker 8316/9575
Added marker 8317/9575
Added marker 8318/9575
Added marker 8319/9575
Added marker 8320/9575
Added marker 8321/9575
Added marker 8322/9575
Added marker 8323/9575
Added marker 8324/9575
Added marker 8325/9575
Added marker 8326/9575
Added marker 8327/9575
Added marker 8328/9575
Added marker 8329/9575
Added marker 8330/9575
Added marker 8331/9575
Added marker 8332/9575
Added marker 8333/9575
Added marker 8334/9575
Added marker 8335/9575
Added marker 8336/9575
Added marker 8337/9575
Added marker 8338/9575
Added marker 8339/9575
Added marker 8340/9575
Added marker 8341/9575
Added marker 8342/9575
Added marker 8343/9575
Added marker 8344/9575
Added marker 8345/9575
Added marker 8346/9575
Added marker 8347/9575
Added marker 8348/9575
Added marker 8349/9575
Added marker 8350/9575
Added marker 8351/9575
Added marker 8352/9575
Added marker 8353/9575
Added marker 8354/9575
Added marker 8355/9575
Added marker 8356/9575
Added marker 8357/9575
Added marker 8358/9575
Added marker 8359/9575
Added marker 8360/9575
Added marker 8361/9575
Added marker 8362/9575
Added marker 8363/9575
Added marker 8364/9575
Added marker 8365/9575
Added marker 8366/9575
Added marker 8367/9575
Added marker 8368/9575
Added marker 8369/9575
Added marker 8370/9575
Added marker 8371/9575
Added marker 8372/9575
Added marker 8373/9575
Added marker 8374/9575
Added marker 8375/9575
Added marker 8376/9575
Added marker 8377/9575
Added marker 8378/9575
Added marker 8379/9575
Added marker 8380/9575
Added marker 8381/9575
Added marker 8382/9575
Added marker 8383/9575
Added marker 8384/9575
Added marker 8385/9575
Added marker 8386/9575
Added marker 8387/9575
Added marker 8388/9575
Added marker 8389/9575
Added marker 8390/9575
Added marker 8391/9575
Added marker 8392/9575
Added marker 8393/9575
Added marker 8394/9575
Added marker 8395/9575
Added marker 8396/9575
Added marker 8397/9575
Added marker 8398/9575
Added marker 8399/9575
Added marker 8400/9575
Added marker 8401/9575
Added marker 8402/9575
Added marker 8403/9575
Added marker 8404/9575
Added marker 8405/9575
Added marker 8406/9575
Added marker 8407/9575
Added marker 8408/9575
Added marker 8409/9575
Added marker 8410/9575
Added marker 8411/9575
Added marker 8412/9575
Added marker 8413/9575
Added marker 8414/9575
Added marker 8415/9575
Added marker 8416/9575
Added marker 8417/9575
Added marker 8418/9575
Added marker 8419/9575
Added marker 8420/9575
Added marker 8421/9575
Added marker 8422/9575
Added marker 8423/9575
Added marker 8424/9575
Added marker 8425/9575
Added marker 8426/9575
Added marker 8427/9575
Added marker 8428/9575
Added marker 8429/9575
Added marker 8430/9575
Added marker 8431/9575
Added marker 8432/9575
Added marker 8433/9575
Added marker 8434/9575
Added marker 8435/9575
Added marker 8436/9575
Added marker 8437/9575
Added marker 8438/9575
Added marker 8439/9575
Added marker 8440/9575
Added marker 8441/9575
Added marker 8442/9575
Added marker 8443/9575
Added marker 8444/9575
Added marker 8445/9575
Added marker 8446/9575
Added marker 8447/9575
Added marker 8448/9575
Added marker 8449/9575
Added marker 8450/9575
Added marker 8451/9575
Added marker 8452/9575
Added marker 8453/9575
Added marker 8454/9575
Added marker 8455/9575
Added marker 8456/9575
Added marker 8457/9575
Added marker 8458/9575
Added marker 8459/9575
Added marker 8460/9575
Added marker 8461/9575
Added marker 8462/9575
Added marker 8463/9575
Added marker 8464/9575
Added marker 8465/9575
Added marker 8466/9575
Added marker 8467/9575
Added marker 8468/9575
Added marker 8469/9575
Added marker 8470/9575
Added marker 8471/9575
Added marker 8472/9575
Added marker 8473/9575
Added marker 8474/9575
Added marker 8475/9575
Added marker 8476/9575
Added marker 8477/9575
Added marker 8478/9575
Added marker 8479/9575
Added marker 8480/9575
Added marker 8481/9575
Added marker 8482/9575
Added marker 8483/9575
Added marker 8484/9575
Added marker 8485/9575
Added marker 8486/9575
Added marker 8487/9575
Added marker 8488/9575
Added marker 8489/9575
Added marker 8490/9575
Added marker 8491/9575
Added marker 8492/9575
Added marker 8493/9575
Added marker 8494/9575
Added marker 8495/9575
Added marker 8496/9575
Added marker 8497/9575
Added marker 8498/9575
Added marker 8499/9575
Added marker 8500/9575
Added marker 8501/9575
Added marker 8502/9575
Added marker 8503/9575
Added marker 8504/9575
Added marker 8505/9575
Added marker 8506/9575
Added marker 8507/9575
Added marker 8508/9575
Added marker 8509/9575
Added marker 8510/9575
Added marker 8511/9575
Added marker 8512/9575
Added marker 8513/9575
Added marker 8514/9575
Added marker 8515/9575
Added marker 8516/9575
Added marker 8517/9575
Added marker 8518/9575
Added marker 8519/9575
Added marker 8520/9575
Added marker 8521/9575
Added marker 8522/9575
Added marker 8523/9575
Added marker 8524/9575
Added marker 8525/9575
Added marker 8526/9575
Added marker 8527/9575
Added marker 8528/9575
Added marker 8529/9575
Added marker 8530/9575
Added marker 8531/9575
Added marker 8532/9575
Added marker 8533/9575
Added marker 8534/9575
Added marker 8535/9575
Added marker 8536/9575
Added marker 8537/9575
Added marker 8538/9575
Added marker 8539/9575
Added marker 8540/9575
Added marker 8541/9575
Added marker 8542/9575
Added marker 8543/9575
Added marker 8544/9575
Added marker 8545/9575
Added marker 8546/9575
Added marker 8547/9575
Added marker 8548/9575
Added marker 8549/9575
Added marker 8550/9575
Added marker 8551/9575
Added marker 8552/9575
Added marker 8553/9575
Added marker 8554/9575
Added marker 8555/9575
Added marker 8556/9575
Added marker 8557/9575
Added marker 8558/9575
Added marker 8559/9575
Added marker 8560/9575
Added marker 8561/9575
Added marker 8562/9575
Added marker 8563/9575
Added marker 8564/9575
Added marker 8565/9575
Added marker 8566/9575
Added marker 8567/9575
Added marker 8568/9575
Added marker 8569/9575
Added marker 8570/9575
Added marker 8571/9575
Added marker 8572/9575
Added marker 8573/9575
Added marker 8574/9575
Added marker 8575/9575
Added marker 8576/9575
Added marker 8577/9575
Added marker 8578/9575
Added marker 8579/9575
Added marker 8580/9575
Added marker 8581/9575
Added marker 8582/9575
Added marker 8583/9575
Added marker 8584/9575
Added marker 8585/9575
Added marker 8586/9575
Added marker 8587/9575
Added marker 8588/9575
Added marker 8589/9575
Added marker 8590/9575
Added marker 8591/9575
Added marker 8592/9575
Added marker 8593/9575
Added marker 8594/9575
Added marker 8595/9575
Added marker 8596/9575
Added marker 8597/9575
Added marker 8598/9575
Added marker 8599/9575
Added marker 8600/9575
Added marker 8601/9575
Added marker 8602/9575
Added marker 8603/9575
Added marker 8604/9575
Added marker 8605/9575
Added marker 8606/9575
Added marker 8607/9575
Added marker 8608/9575
Added marker 8609/9575
Added marker 8610/9575
Added marker 8611/9575
Added marker 8612/9575
Added marker 8613/9575
Added marker 8614/9575
Added marker 8615/9575
Added marker 8616/9575
Added marker 8617/9575
Added marker 8618/9575
Added marker 8619/9575
Added marker 8620/9575
Added marker 8621/9575
Added marker 8622/9575
Added marker 8623/9575
Added marker 8624/9575
Added marker 8625/9575
Added marker 8626/9575
Added marker 8627/9575
Added marker 8628/9575
Added marker 8629/9575
Added marker 8630/9575
Added marker 8631/9575
Added marker 8632/9575
Added marker 8633/9575
Added marker 8634/9575
Added marker 8635/9575
Added marker 8636/9575
Added marker 8637/9575
Added marker 8638/9575
Added marker 8639/9575
Added marker 8640/9575
Added marker 8641/9575
Added marker 8642/9575
Added marker 8643/9575
Added marker 8644/9575
Added marker 8645/9575
Added marker 8646/9575
Added marker 8647/9575
Added marker 8648/9575
Added marker 8649/9575
Added marker 8650/9575
Added marker 8651/9575
Added marker 8652/9575
Added marker 8653/9575
Added marker 8654/9575
Added marker 8655/9575
Added marker 8656/9575
Added marker 8657/9575
Added marker 8658/9575
Added marker 8659/9575
Added marker 8660/9575
Added marker 8661/9575
Added marker 8662/9575
Added marker 8663/9575
Added marker 8664/9575
Added marker 8665/9575
Added marker 8666/9575
Added marker 8667/9575
Added marker 8668/9575
Added marker 8669/9575
Added marker 8670/9575
Added marker 8671/9575
Added marker 8672/9575
Added marker 8673/9575
Added marker 8674/9575
Added marker 8675/9575
Added marker 8676/9575
Added marker 8677/9575
Added marker 8678/9575
Added marker 8679/9575
Added marker 8680/9575
Added marker 8681/9575
Added marker 8682/9575
Added marker 8683/9575
Added marker 8684/9575
Added marker 8685/9575
Added marker 8686/9575
Added marker 8687/9575
Added marker 8688/9575
Added marker 8689/9575
Added marker 8690/9575
Added marker 8691/9575
Added marker 8692/9575
Added marker 8693/9575
Added marker 8694/9575
Added marker 8695/9575
Added marker 8696/9575
Added marker 8697/9575
Added marker 8698/9575
Added marker 8699/9575
Added marker 8700/9575
Added marker 8701/9575
Added marker 8702/9575
Added marker 8703/9575
Added marker 8704/9575
Added marker 8705/9575
Added marker 8706/9575
Added marker 8707/9575
Added marker 8708/9575
Added marker 8709/9575
Added marker 8710/9575
Added marker 8711/9575
Added marker 8712/9575
Added marker 8713/9575
Added marker 8714/9575
Added marker 8715/9575
Added marker 8716/9575
Added marker 8717/9575
Added marker 8718/9575
Added marker 8719/9575
Added marker 8720/9575
Added marker 8721/9575
Added marker 8722/9575
Added marker 8723/9575
Added marker 8724/9575
Added marker 8725/9575
Added marker 8726/9575
Added marker 8727/9575
Added marker 8728/9575
Added marker 8729/9575
Added marker 8730/9575
Added marker 8731/9575
Added marker 8732/9575
Added marker 8733/9575
Added marker 8734/9575
Added marker 8735/9575
Added marker 8736/9575
Added marker 8737/9575
Added marker 8738/9575
Added marker 8739/9575
Added marker 8740/9575
Added marker 8741/9575
Added marker 8742/9575
Added marker 8743/9575
Added marker 8744/9575
Added marker 8745/9575
Added marker 8746/9575
Added marker 8747/9575
Added marker 8748/9575
Added marker 8749/9575
Added marker 8750/9575
Added marker 8751/9575
Added marker 8752/9575
Added marker 8753/9575
Added marker 8754/9575
Added marker 8755/9575
Added marker 8756/9575
Added marker 8757/9575
Added marker 8758/9575
Added marker 8759/9575
Added marker 8760/9575
Added marker 8761/9575
Added marker 8762/9575
Added marker 8763/9575
Added marker 8764/9575
Added marker 8765/9575
Added marker 8766/9575
Added marker 8767/9575
Added marker 8768/9575
Added marker 8769/9575
Added marker 8770/9575
Added marker 8771/9575
Added marker 8772/9575
Added marker 8773/9575
Added marker 8774/9575
Added marker 8775/9575
Added marker 8776/9575
Added marker 8777/9575
Added marker 8778/9575
Added marker 8779/9575
Added marker 8780/9575
Added marker 8781/9575
Added marker 8782/9575
Added marker 8783/9575
Added marker 8784/9575
Added marker 8785/9575
Added marker 8786/9575
Added marker 8787/9575
Added marker 8788/9575
Added marker 8789/9575
Added marker 8790/9575
Added marker 8791/9575
Added marker 8792/9575
Added marker 8793/9575
Added marker 8794/9575
Added marker 8795/9575
Added marker 8796/9575
Added marker 8797/9575
Added marker 8798/9575
Added marker 8799/9575
Added marker 8800/9575
Added marker 8801/9575
Added marker 8802/9575
Added marker 8803/9575
Added marker 8804/9575
Added marker 8805/9575
Added marker 8806/9575
Added marker 8807/9575
Added marker 8808/9575
Added marker 8809/9575
Added marker 8810/9575
Added marker 8811/9575
Added marker 8812/9575
Added marker 8813/9575
Added marker 8814/9575
Added marker 8815/9575
Added marker 8816/9575
Added marker 8817/9575
Added marker 8818/9575
Added marker 8819/9575
Added marker 8820/9575
Added marker 8821/9575
Added marker 8822/9575
Added marker 8823/9575
Added marker 8824/9575
Added marker 8825/9575
Added marker 8826/9575
Added marker 8827/9575
Added marker 8828/9575
Added marker 8829/9575
Added marker 8830/9575
Added marker 8831/9575
Added marker 8832/9575
Added marker 8833/9575
Added marker 8834/9575
Added marker 8835/9575
Added marker 8836/9575
Added marker 8837/9575
Added marker 8838/9575
Added marker 8839/9575
Added marker 8840/9575
Added marker 8841/9575
Added marker 8842/9575
Added marker 8843/9575
Added marker 8844/9575
Added marker 8845/9575
Added marker 8846/9575
Added marker 8847/9575
Added marker 8848/9575
Added marker 8849/9575
Added marker 8850/9575
Added marker 8851/9575
Added marker 8852/9575
Added marker 8853/9575
Added marker 8854/9575
Added marker 8855/9575
Added marker 8856/9575
Added marker 8857/9575
Added marker 8858/9575
Added marker 8859/9575
Added marker 8860/9575
Added marker 8861/9575
Added marker 8862/9575
Added marker 8863/9575
Added marker 8864/9575
Added marker 8865/9575
Added marker 8866/9575
Added marker 8867/9575
Added marker 8868/9575
Added marker 8869/9575
Added marker 8870/9575
Added marker 8871/9575
Added marker 8872/9575
Added marker 8873/9575
Added marker 8874/9575
Added marker 8875/9575
Added marker 8876/9575
Added marker 8877/9575
Added marker 8878/9575
Added marker 8879/9575
Added marker 8880/9575
Added marker 8881/9575
Added marker 8882/9575
Added marker 8883/9575
Added marker 8884/9575
Added marker 8885/9575
Added marker 8886/9575
Added marker 8887/9575
Added marker 8888/9575
Added marker 8889/9575
Added marker 8890/9575
Added marker 8891/9575
Added marker 8892/9575
Added marker 8893/9575
Added marker 8894/9575
Added marker 8895/9575
Added marker 8896/9575
Added marker 8897/9575
Added marker 8898/9575
Added marker 8899/9575
Added marker 8900/9575
Added marker 8901/9575
Added marker 8902/9575
Added marker 8903/9575
Added marker 8904/9575
Added marker 8905/9575
Added marker 8906/9575
Added marker 8907/9575
Added marker 8908/9575
Added marker 8909/9575
Added marker 8910/9575
Added marker 8911/9575
Added marker 8912/9575
Added marker 8913/9575
Added marker 8914/9575
Added marker 8915/9575
Added marker 8916/9575
Added marker 8917/9575
Added marker 8918/9575
Added marker 8919/9575
Added marker 8920/9575
Added marker 8921/9575
Added marker 8922/9575
Added marker 8923/9575
Added marker 8924/9575
Added marker 8925/9575
Added marker 8926/9575
Added marker 8927/9575
Added marker 8928/9575
Added marker 8929/9575
Added marker 8930/9575
Added marker 8931/9575
Added marker 8932/9575
Added marker 8933/9575
Added marker 8934/9575
Added marker 8935/9575
Added marker 8936/9575
Added marker 8937/9575
Added marker 8938/9575
Added marker 8939/9575
Added marker 8940/9575
Added marker 8941/9575
Added marker 8942/9575
Added marker 8943/9575
Added marker 8944/9575
Added marker 8945/9575
Added marker 8946/9575
Added marker 8947/9575
Added marker 8948/9575
Added marker 8949/9575
Added marker 8950/9575
Added marker 8951/9575
Added marker 8952/9575
Added marker 8953/9575
Added marker 8954/9575
Added marker 8955/9575
Added marker 8956/9575
Added marker 8957/9575
Added marker 8958/9575
Added marker 8959/9575
Added marker 8960/9575
Added marker 8961/9575
Added marker 8962/9575
Added marker 8963/9575
Added marker 8964/9575
Added marker 8965/9575
Added marker 8966/9575
Added marker 8967/9575
Added marker 8968/9575
Added marker 8969/9575
Added marker 8970/9575
Added marker 8971/9575
Added marker 8972/9575
Added marker 8973/9575
Added marker 8974/9575
Added marker 8975/9575
Added marker 8976/9575
Added marker 8977/9575
Added marker 8978/9575
Added marker 8979/9575
Added marker 8980/9575
Added marker 8981/9575
Added marker 8982/9575
Added marker 8983/9575
Added marker 8984/9575
Added marker 8985/9575
Added marker 8986/9575
Added marker 8987/9575
Added marker 8988/9575
Added marker 8989/9575
Added marker 8990/9575
Added marker 8991/9575
Added marker 8992/9575
Added marker 8993/9575
Added marker 8994/9575
Added marker 8995/9575
Added marker 8996/9575
Added marker 8997/9575
Added marker 8998/9575
Added marker 8999/9575
Added marker 9000/9575
Added marker 9001/9575
Added marker 9002/9575
Added marker 9003/9575
Added marker 9004/9575
Added marker 9005/9575
Added marker 9006/9575
Added marker 9007/9575
Added marker 9008/9575
Added marker 9009/9575
Added marker 9010/9575
Added marker 9011/9575
Added marker 9012/9575
Added marker 9013/9575
Added marker 9014/9575
Added marker 9015/9575
Added marker 9016/9575
Added marker 9017/9575
Added marker 9018/9575
Added marker 9019/9575
Added marker 9020/9575
Added marker 9021/9575
Added marker 9022/9575
Added marker 9023/9575
Added marker 9024/9575
Added marker 9025/9575
Added marker 9026/9575
Added marker 9027/9575
Added marker 9028/9575
Added marker 9029/9575
Added marker 9030/9575
Added marker 9031/9575
Added marker 9032/9575
Added marker 9033/9575
Added marker 9034/9575
Added marker 9035/9575
Added marker 9036/9575
Added marker 9037/9575
Added marker 9038/9575
Added marker 9039/9575
Added marker 9040/9575
Added marker 9041/9575
Added marker 9042/9575
Added marker 9043/9575
Added marker 9044/9575
Added marker 9045/9575
Added marker 9046/9575
Added marker 9047/9575
Added marker 9048/9575
Added marker 9049/9575
Added marker 9050/9575
Added marker 9051/9575
Added marker 9052/9575
Added marker 9053/9575
Added marker 9054/9575
Added marker 9055/9575
Added marker 9056/9575
Added marker 9057/9575
Added marker 9058/9575
Added marker 9059/9575
Added marker 9060/9575
Added marker 9061/9575
Added marker 9062/9575
Added marker 9063/9575
Added marker 9064/9575
Added marker 9065/9575
Added marker 9066/9575
Added marker 9067/9575
Added marker 9068/9575
Added marker 9069/9575
Added marker 9070/9575
Added marker 9071/9575
Added marker 9072/9575
Added marker 9073/9575
Added marker 9074/9575
Added marker 9075/9575
Added marker 9076/9575
Added marker 9077/9575
Added marker 9078/9575
Added marker 9079/9575
Added marker 9080/9575
Added marker 9081/9575
Added marker 9082/9575
Added marker 9083/9575
Added marker 9084/9575
Added marker 9085/9575
Added marker 9086/9575
Added marker 9087/9575
Added marker 9088/9575
Added marker 9089/9575
Added marker 9090/9575
Added marker 9091/9575
Added marker 9092/9575
Added marker 9093/9575
Added marker 9094/9575
Added marker 9095/9575
Added marker 9096/9575
Added marker 9097/9575
Added marker 9098/9575
Added marker 9099/9575
Added marker 9100/9575
Added marker 9101/9575
Added marker 9102/9575
Added marker 9103/9575
Added marker 9104/9575
Added marker 9105/9575
Added marker 9106/9575
Added marker 9107/9575
Added marker 9108/9575
Added marker 9109/9575
Added marker 9110/9575
Added marker 9111/9575
Added marker 9112/9575
Added marker 9113/9575
Added marker 9114/9575
Added marker 9115/9575
Added marker 9116/9575
Added marker 9117/9575
Added marker 9118/9575
Added marker 9119/9575
Added marker 9120/9575
Added marker 9121/9575
Added marker 9122/9575
Added marker 9123/9575
Added marker 9124/9575
Added marker 9125/9575
Added marker 9126/9575
Added marker 9127/9575
Added marker 9128/9575
Added marker 9129/9575
Added marker 9130/9575
Added marker 9131/9575
Added marker 9132/9575
Added marker 9133/9575
Added marker 9134/9575
Added marker 9135/9575
Added marker 9136/9575
Added marker 9137/9575
Added marker 9138/9575
Added marker 9139/9575
Added marker 9140/9575
Added marker 9141/9575
Added marker 9142/9575
Added marker 9143/9575
Added marker 9144/9575
Added marker 9145/9575
Added marker 9146/9575
Added marker 9147/9575
Added marker 9148/9575
Added marker 9149/9575
Added marker 9150/9575
Added marker 9151/9575
Added marker 9152/9575
Added marker 9153/9575
Added marker 9154/9575
Added marker 9155/9575
Added marker 9156/9575
Added marker 9157/9575
Added marker 9158/9575
Added marker 9159/9575
Added marker 9160/9575
Added marker 9161/9575
Added marker 9162/9575
Added marker 9163/9575
Added marker 9164/9575
Added marker 9165/9575
Added marker 9166/9575
Added marker 9167/9575
Added marker 9168/9575
Added marker 9169/9575
Added marker 9170/9575
Added marker 9171/9575
Added marker 9172/9575
Added marker 9173/9575
Added marker 9174/9575
Added marker 9175/9575
Added marker 9176/9575
Added marker 9177/9575
Added marker 9178/9575
Added marker 9179/9575
Added marker 9180/9575
Added marker 9181/9575
Added marker 9182/9575
Added marker 9183/9575
Added marker 9184/9575
Added marker 9185/9575
Added marker 9186/9575
Added marker 9187/9575
Added marker 9188/9575
Added marker 9189/9575
Added marker 9190/9575
Added marker 9191/9575
Added marker 9192/9575
Added marker 9193/9575
Added marker 9194/9575
Added marker 9195/9575
Added marker 9196/9575
Added marker 9197/9575
Added marker 9198/9575
Added marker 9199/9575
Added marker 9200/9575
Added marker 9201/9575
Added marker 9202/9575
Added marker 9203/9575
Added marker 9204/9575
Added marker 9205/9575
Added marker 9206/9575
Added marker 9207/9575
Added marker 9208/9575
Added marker 9209/9575
Added marker 9210/9575
Added marker 9211/9575
Added marker 9212/9575
Added marker 9213/9575
Added marker 9214/9575
Added marker 9215/9575
Added marker 9216/9575
Added marker 9217/9575
Added marker 9218/9575
Added marker 9219/9575
Added marker 9220/9575
Added marker 9221/9575
Added marker 9222/9575
Added marker 9223/9575
Added marker 9224/9575
Added marker 9225/9575
Added marker 9226/9575
Added marker 9227/9575
Added marker 9228/9575
Added marker 9229/9575
Added marker 9230/9575
Added marker 9231/9575
Added marker 9232/9575
Added marker 9233/9575
Added marker 9234/9575
Added marker 9235/9575
Added marker 9236/9575
Added marker 9237/9575
Added marker 9238/9575
Added marker 9239/9575
Added marker 9240/9575
Added marker 9241/9575
Added marker 9242/9575
Added marker 9243/9575
Added marker 9244/9575
Added marker 9245/9575
Added marker 9246/9575
Added marker 9247/9575
Added marker 9248/9575
Added marker 9249/9575
Added marker 9250/9575
Added marker 9251/9575
Added marker 9252/9575
Added marker 9253/9575
Added marker 9254/9575
Added marker 9255/9575
Added marker 9256/9575
Added marker 9257/9575
Added marker 9258/9575
Added marker 9259/9575
Added marker 9260/9575
Added marker 9261/9575
Added marker 9262/9575
Added marker 9263/9575
Added marker 9264/9575
Added marker 9265/9575
Added marker 9266/9575
Added marker 9267/9575
Added marker 9268/9575
Added marker 9269/9575
Added marker 9270/9575
Added marker 9271/9575
Added marker 9272/9575
Added marker 9273/9575
Added marker 9274/9575
Added marker 9275/9575
Added marker 9276/9575
Added marker 9277/9575
Added marker 9278/9575
Added marker 9279/9575
Added marker 9280/9575
Added marker 9281/9575
Added marker 9282/9575
Added marker 9283/9575
Added marker 9284/9575
Added marker 9285/9575
Added marker 9286/9575
Added marker 9287/9575
Added marker 9288/9575
Added marker 9289/9575
Added marker 9290/9575
Added marker 9291/9575
Added marker 9292/9575
Added marker 9293/9575
Added marker 9294/9575
Added marker 9295/9575
Added marker 9296/9575
Added marker 9297/9575
Added marker 9298/9575
Added marker 9299/9575
Added marker 9300/9575
Added marker 9301/9575
Added marker 9302/9575
Added marker 9303/9575
Added marker 9304/9575
Added marker 9305/9575
Added marker 9306/9575
Added marker 9307/9575
Added marker 9308/9575
Added marker 9309/9575
Added marker 9310/9575
Added marker 9311/9575
Added marker 9312/9575
Added marker 9313/9575
Added marker 9314/9575
Added marker 9315/9575
Added marker 9316/9575
Added marker 9317/9575
Added marker 9318/9575
Added marker 9319/9575
Added marker 9320/9575
Added marker 9321/9575
Added marker 9322/9575
Added marker 9323/9575
Added marker 9324/9575
Added marker 9325/9575
Added marker 9326/9575
Added marker 9327/9575
Added marker 9328/9575
Added marker 9329/9575
Added marker 9330/9575
Added marker 9331/9575
Added marker 9332/9575
Added marker 9333/9575
Added marker 9334/9575
Added marker 9335/9575
Added marker 9336/9575
Added marker 9337/9575
Added marker 9338/9575
Added marker 9339/9575
Added marker 9340/9575
Added marker 9341/9575
Added marker 9342/9575
Added marker 9343/9575
Added marker 9344/9575
Added marker 9345/9575
Added marker 9346/9575
Added marker 9347/9575
Added marker 9348/9575
Added marker 9349/9575
Added marker 9350/9575
Added marker 9351/9575
Added marker 9352/9575
Added marker 9353/9575
Added marker 9354/9575
Added marker 9355/9575
Added marker 9356/9575
Added marker 9357/9575
Added marker 9358/9575
Added marker 9359/9575
Added marker 9360/9575
Added marker 9361/9575
Added marker 9362/9575
Added marker 9363/9575
Added marker 9364/9575
Added marker 9365/9575
Added marker 9366/9575
Added marker 9367/9575
Added marker 9368/9575
Added marker 9369/9575
Added marker 9370/9575
Added marker 9371/9575
Added marker 9372/9575
Added marker 9373/9575
Added marker 9374/9575
Added marker 9375/9575
Added marker 9376/9575
Added marker 9377/9575
Added marker 9378/9575
Added marker 9379/9575
Added marker 9380/9575
Added marker 9381/9575
Added marker 9382/9575
Added marker 9383/9575
Added marker 9384/9575
Added marker 9385/9575
Added marker 9386/9575
Added marker 9387/9575
Added marker 9388/9575
Added marker 9389/9575
Added marker 9390/9575
Added marker 9391/9575
Added marker 9392/9575
Added marker 9393/9575
Added marker 9394/9575
Added marker 9395/9575
Added marker 9396/9575
Added marker 9397/9575
Added marker 9398/9575
Added marker 9399/9575
Added marker 9400/9575
Added marker 9401/9575
Added marker 9402/9575
Added marker 9403/9575
Added marker 9404/9575
Added marker 9405/9575
Added marker 9406/9575
Added marker 9407/9575
Added marker 9408/9575
Added marker 9409/9575
Added marker 9410/9575
Added marker 9411/9575
Added marker 9412/9575
Added marker 9413/9575
Added marker 9414/9575
Added marker 9415/9575
Added marker 9416/9575
Added marker 9417/9575
Added marker 9418/9575
Added marker 9419/9575
Added marker 9420/9575
Added marker 9421/9575
Added marker 9422/9575
Added marker 9423/9575
Added marker 9424/9575
Added marker 9425/9575
Added marker 9426/9575
Added marker 9427/9575
Added marker 9428/9575
Added marker 9429/9575
Added marker 9430/9575
Added marker 9431/9575
Added marker 9432/9575
Added marker 9433/9575
Added marker 9434/9575
Added marker 9435/9575
Added marker 9436/9575
Added marker 9437/9575
Added marker 9438/9575
Added marker 9439/9575
Added marker 9440/9575
Added marker 9441/9575
Added marker 9442/9575
Added marker 9443/9575
Added marker 9444/9575
Added marker 9445/9575
Added marker 9446/9575
Added marker 9447/9575
Added marker 9448/9575
Added marker 9449/9575
Added marker 9450/9575
Added marker 9451/9575
Added marker 9452/9575
Added marker 9453/9575
Added marker 9454/9575
Added marker 9455/9575
Added marker 9456/9575
Added marker 9457/9575
Added marker 9458/9575
Added marker 9459/9575
Added marker 9460/9575
Added marker 9461/9575
Added marker 9462/9575
Added marker 9463/9575
Added marker 9464/9575
Added marker 9465/9575
Added marker 9466/9575
Added marker 9467/9575
Added marker 9468/9575
Added marker 9469/9575
Added marker 9470/9575
Added marker 9471/9575
Added marker 9472/9575
Added marker 9473/9575
Added marker 9474/9575
Added marker 9475/9575
Added marker 9476/9575
Added marker 9477/9575
Added marker 9478/9575
Added marker 9479/9575
Added marker 9480/9575
Added marker 9481/9575
Added marker 9482/9575
Added marker 9483/9575
Added marker 9484/9575
Added marker 9485/9575
Added marker 9486/9575
Added marker 9487/9575
Added marker 9488/9575
Added marker 9489/9575
Added marker 9490/9575
Added marker 9491/9575
Added marker 9492/9575
Added marker 9493/9575
Added marker 9494/9575
Added marker 9495/9575
Added marker 9496/9575
Added marker 9497/9575
Added marker 9498/9575
Added marker 9499/9575
Added marker 9500/9575
Added marker 9501/9575
Added marker 9502/9575
Added marker 9503/9575
Added marker 9504/9575
Added marker 9505/9575
Added marker 9506/9575
Added marker 9507/9575
Added marker 9508/9575
Added marker 9509/9575
Added marker 9510/9575
Added marker 9511/9575
Added marker 9512/9575
Added marker 9513/9575
Added marker 9514/9575
Added marker 9515/9575
Added marker 9516/9575
Added marker 9517/9575
Added marker 9518/9575
Added marker 9519/9575
Added marker 9520/9575
Added marker 9521/9575
Added marker 9522/9575
Added marker 9523/9575
Added marker 9524/9575
Added marker 9525/9575
Added marker 9526/9575
Added marker 9527/9575
Added marker 9528/9575
Added marker 9529/9575
Added marker 9530/9575
Added marker 9531/9575
Added marker 9532/9575
Added marker 9533/9575
Added marker 9534/9575
Added marker 9535/9575
Added marker 9536/9575
Added marker 9537/9575
Added marker 9538/9575
Added marker 9539/9575
Added marker 9540/9575
Added marker 9541/9575
Added marker 9542/9575
Added marker 9543/9575
Added marker 9544/9575
Added marker 9545/9575
Added marker 9546/9575
Added marker 9547/9575
Added marker 9548/9575
Added marker 9549/9575
Added marker 9550/9575
Added marker 9551/9575
Added marker 9552/9575
Added marker 9553/9575
Added marker 9554/9575
Added marker 9555/9575
Added marker 9556/9575
Added marker 9557/9575
Added marker 9558/9575
Added marker 9559/9575
Added marker 9560/9575
Added marker 9561/9575
Added marker 9562/9575
Added marker 9563/9575
Added marker 9564/9575
Added marker 9565/9575
Added marker 9566/9575
Added marker 9567/9575
Added marker 9568/9575
Added marker 9569/9575
Added marker 9570/9575
Added marker 9571/9575
Added marker 9572/9575
Added marker 9573/9575
Added marker 9574/9575
Added marker 9575/9575
Finished!
Commiting map data...
Done!
Getting member information...
Done!

##### Updating map for member: Photos by SJG...
Getting locations and countries...
Starting 'Flickr Map' script...
Generating map for 'Steve Gonzales'
208 photos in the photostream
No changes on number of photos since last run.
Aborted.
Everything is up-to-date. Nothing to commit!
Getting member information...
Done!

##### Updating map for member: stepanov2876...
Getting locations and countries...
Starting 'Flickr Map' script...
Generating map for 'Pasha Vonapets'
262 photos in the photostream
12 new photo(s) added
Extracting photo coordinates and ids...
Batch 1/1 | 0 photo(s) in 0 marker(s)
Adding marker(s) to map...
Map already has 49 marker(s)
No new markers were added to the map
Finished!
Everything is up-to-date. Nothing to commit!
Getting member information...
Done!

##### Updating map for member: Seppi49...
Getting locations and countries...
Starting 'Flickr Map' script...
Generating map for 'Josef Eggenschwiler'
4645 photos in the photostream
1 new photo(s) added
Extracting photo coordinates and ids...
Batch 1/1 | 1 photo(s) in 1 marker(s)
Adding marker(s) to map...
Map already has 741 marker(s)
1 new marker(s) will be added to the map
Added marker 1/1
Finished!
Commiting map data...
Done!
Getting member information...
Done!

##### Updating map for member: koothenholly...
Getting locations and countries...
Starting 'Flickr Map' script...
Generating map for 'Chris'
2201 photos in the photostream
No changes on number of photos since last run.
Aborted.
Everything is up-to-date. Nothing to commit!
Getting member information...
Done!

##### Updating map for member: datsamkong...
Getting locations and countries...
Starting 'Flickr Map' script...
Generating map for 'Sam Kong'
917 photos in the photostream
139 new photo(s) added
Extracting photo coordinates and ids...
Batch 1/1 | 0 photo(s) in 0 marker(s)
Adding marker(s) to map...
Map already has 62 marker(s)
No new markers were added to the map
Finished!
Everything is up-to-date. Nothing to commit!
Getting member information...
Done!

##### Updating map for member: benlarhome...
Getting locations and countries...
Starting 'Flickr Map' script...
Generating map for 'Ben'
57977 photos in the photostream
4 new photo(s) added
Extracting photo coordinates and ids...
Batch 1/1 | 4 photo(s) in 3 marker(s)
Adding marker(s) to map...
Map already has 11049 marker(s)
Added 2 new photo(s) to existing markers
2 new marker(s) will be added to the map
Added marker 1/2
Added marker 2/2
Finished!
Commiting map data...
Done!
Getting member information...
Done!

##### Updating map for member: dccwoodward...
Getting locations and countries...
Starting 'Flickr Map' script...
Generating map for 'Dominic Woodward'
168 photos in the photostream
No changes on number of photos since last run.
Aborted.
Everything is up-to-date. Nothing to commit!
Getting member information...
Done!

##### Updating map for member: The Very Best of Yur...
Getting locations and countries...
Starting 'Flickr Map' script...
Generating map for 'Yuri Novitsky'
230 photos in the photostream
No changes on number of photos since last run.
Aborted.
Everything is up-to-date. Nothing to commit!
Getting member information...
Done!

##### Updating map for member: kpmst7...
Getting locations and countries...
Starting 'Flickr Map' script...
Generating map for 'kpmst7'
6594 photos in the photostream
No changes on number of photos since last run.
Aborted.
Everything is up-to-date. Nothing to commit!
Getting member information...
Done!

##### Updating map for member: Doug McGr...
Getting locations and countries...
Starting 'Flickr Map' script...
Generating map for 'Doug McGr'
130 photos in the photostream
No changes on number of photos since last run.
Aborted.
Everything is up-to-date. Nothing to commit!
Getting member information...
Done!

##### Updating map for member: Andrea48Blz on/off...
Getting locations and countries...
Starting 'Flickr Map' script...
Generating map for 'Andrea48Blz on/off'
969 photos in the photostream
No changes on number of photos since last run.
Aborted.
Everything is up-to-date. Nothing to commit!
Getting member information...
Done!

##### Updating map for member: Joerg1975...
Getting locations and countries...
Starting 'Flickr Map' script...
Generating map for 'Joersch'
9486 photos in the photostream
No changes on number of photos since last run.
Aborted.
Everything is up-to-date. Nothing to commit!
Getting member information...
Done!

##### Updating map for member: Flávio Filipini...
Getting locations and countries...
Starting 'Flickr Map' script...
Generating map for 'Flavio Filipini'
242 photos in the photostream
No changes on number of photos since last run.
Aborted.
Everything is up-to-date. Nothing to commit!
Getting member information...
Done!

##### Updating map for member: Donatella Basaglia...
Getting locations and countries...
Starting 'Flickr Map' script...
Generating map for 'Foto di Dodo Donatella'
14297 photos in the photostream
No changes on number of photos since last run.
Aborted.
Everything is up-to-date. Nothing to commit!
Getting member information...
Done!

##### Updating map for member: The Jacob Blanck Pho...
Getting locations and countries...
Starting 'Flickr Map' script...
Generating map for 'The Jacob Blanck Photography'
147 photos in the photostream
No changes on number of photos since last run.
Aborted.
Everything is up-to-date. Nothing to commit!
Getting member information...
Done!

##### Updating Group's Map...
Generating map for 'The Map Group'
75217 photos in the pool
Extracting photo coordinates and ids...
Extracting for the last 5000 photos
Batch 1/10 | 500 photo(s) in 372 marker(s)Batch 2/10 | 1000 photo(s) in 778 marker(s)Batch 3/10 | 1500 photo(s) in 1171 marker(s)Batch 4/10 | 1999 photo(s) in 1577 marker(s)Batch 5/10 | 2499 photo(s) in 1929 marker(s)Batch 6/10 | 2591 photo(s) in 2000 marker(s)
Maximum number of markers on map reached!
Adding marker(s) to map...
Map already has 12939 marker(s)
Added 16 new photo(s) to existing markers
19 new marker(s) will be added to the map
Max number of markers reached. Removing 19 marker(s)...
Added marker 1/19Added marker 2/19Added marker 3/19Added marker 4/19Added marker 5/19Added marker 6/19Added marker 7/19Added marker 8/19Added marker 9/19Added marker 10/19Added marker 11/19Added marker 12/19Added marker 13/19Added marker 14/19Added marker 15/19Added marker 16/19Added marker 17/19Added marker 18/19Added marker 19/19
Finished!
Commiting map data...
Done!

##### Removing members which have left the group...
No member has left the group!
